"matricula","Álgebra.Linear.I","Álgebra.Vetorial.e.Geometria.Analítica","Análise.e.Técnica.de.Algoritmos","Aval..de.Desempenho.de.Sistemas.Discretos","Banco.de.Dados.I","Banco.de.Dados.II","Cálculo.Diferencial.e.Integral.I","Cálculo.Diferencial.e.Integral.II","Compiladores","Direito.e.Cidadania","Engenharia.de.Software.I","Estrutura.de.Dados.e.Algoritmos","Fundamentos.de.Física.Clássica","Fundamentos.de.Física.Moderna","Gerência.da.Informação","Informática.e.Sociedade","Inteligência.Artificial.I","Interconexão.de.Redes.de.Computadores","Introdução.à.Computação","Lab..de.Estrutura.de.Dados.e.Algoritmos","Lab..de.Intercon..de.Redes.de.Computadores","Lab..de.Org..e.Arquitetura.de.Computadores","Laboratório.de.Engenharia.de.Software","Laboratório.de.Programação.I","Laboratório.de.Programação.II","Leitura.e.Produção.de.Textos","Lógica.Matemática","Matemática.Discreta","Métodologia.Científica","Métodos.e.Software.Numéricos","Métodos.Estatisticos","Org..e.Arquitetura.de.Computadores.I","Paradigmas.de.Ling..de.Programação","Probabilidade.e.Estatistica","Programação.I","Programação.II","Projeto.em.Computação.I","Projeto.em.Computação.II","Redes.de.Computadores","Sistemas.de.Informação.I","Sistemas.de.Informação.II","Sistemas.Operacionais","Teoria.da.Computação","Teoria.dos.Grafos","cra"
"103343436",NA,9.5,9.3,8.8,8.2,7.2,7.5,NA,7.7,10,8.7,8.7,9.3,7.8,8.4,8.8,8.6,8.6,8.9,5.8,8.6,9.7,8.2,8.4,8.1,8.8,8.4,9.6,9,8,7.9,8.3,8.1,9.3,9,7.8,7.6,8.2,7.7,8.4,8.5,7,8.6,7.9,8.35731707317073
"104343425",7.8,7.8,7,7.9,7.5,8,7.7,NA,8,8.6,7.5,7.4,7,7.6,8.3,8,7.9,7.9,9.5,8.2,7.9,9.3,9.1,8.8,8.4,8.3,8.4,7.4,8.5,8,7.7,9.6,7.9,8,8,7.7,8.3,8.2,7.7,8.6,8.7,7.6,8.8,9.2,8.11325301204819
"104343426",NA,NA,6,8.4,6.1,5.7,NA,NA,5,NA,9.4,8.6,8,9.5,8.9,9,7.4,7.3,9.6,7.7,7.3,8.9,8.4,8.2,7.6,8,8.6,8.7,NA,9.6,7.5,8.5,8,7,6.3,5.2,8.9,7,7.8,8.6,7.3,8.6,7.5,7.5,7.80821917808219
"104343427",NA,NA,7,6.9,5,7.6,NA,NA,7.6,9,5.8,7,NA,7,8.8,9,8.7,7.1,NA,6.2,7.1,NA,6.6,NA,8.7,NA,9.3,9.2,7,NA,5,NA,6.7,NA,NA,7.6,9,8.6,7.8,8.7,8,7.3,8.4,7.9,7.45322580645161
"104343429",NA,7.8,5.6,7.9,7,7.4,7,NA,9.5,10,7.3,5.4,6.3,9.5,7.7,9,8.1,9.2,9.1,7,9.2,8.8,8.2,6.1,7.2,8.8,8.5,6.6,8.7,7,7.2,8.1,8.4,5.8,7,7,8.3,9.5,7,8.7,8.2,8.8,7,7.3,7.72289156626506
"104343430",NA,NA,9.2,8,8.1,7.1,NA,NA,5,8.4,8.5,8.8,9.6,7.5,8.8,9.5,8,7.8,8.4,8.1,7.8,9.2,8.4,8.7,8.6,9.1,8.1,9.2,8.3,7,6.4,7.5,8.4,7.9,8,7.7,8.3,8.2,8.5,8.9,8.6,8.2,8.7,7.2,8.19090909090909
"104343431",7.7,7.6,7.2,6.6,7.5,6.5,7.1,NA,8,8.5,7,8.3,7.3,8.2,8.1,7,8.1,6.3,9.3,8.3,6.3,8.8,8,9.1,8.7,8.5,7.8,10,7.3,7,7.6,8.2,9.1,9.3,6.6,8.2,8.8,8.7,8,8.8,8.1,7,8.9,7.2,7.87529411764706
"104343438",NA,7,5.4,7.3,6.2,8.3,5.4,NA,8.6,9,6.8,6.1,5.8,7,8.1,8,5.7,7.2,8.6,5,7.2,7.4,8.6,7.6,7.8,9,9.2,7.5,8,7.8,8.3,7.2,8,8,7,7,8.2,8,5.5,9,8.5,7.8,7.8,7.1,7.1183908045977
"105343538",NA,5.4,8.7,7.1,7.4,7.3,6.1,NA,7.4,10,8.8,5.4,5.9,8.1,8,9.5,7.9,7.6,8.5,7.4,7.6,9.2,8.7,7.9,8.2,9.2,8.2,7.7,8.8,8.25,6,7.5,7.9,6.1,7,7.4,7.9,9.5,7.7,7.9,8.5,8.8,7.7,5.2,7.57176470588235
"105343539",6.1,7.3,7.2,8,5.9,5.9,7.2,NA,5.9,7.5,7.2,5.1,6.5,9.1,7.6,8,7.5,8.1,7.9,8.7,8.1,8.9,9,8.3,8.3,7.3,7.1,7.1,7.1,7,6.1,7.2,6.7,6,8,7.2,8.8,8.3,7.8,8.6,8.3,8.6,7.4,7.4,7.45060240963855
"105343544",NA,7.2,7,9.2,7,7.8,NA,NA,7,9.5,8,7.1,5.9,7.8,7.8,8.8,7.8,7.7,8.9,8,7.7,9,9.1,8.8,8.5,9,7.3,7,8.5,8,6,8.5,7.3,7,7.3,7.3,8.9,9,7.2,8.1,8.4,7.4,7.9,6.3,7.8620253164557
"105343545",NA,7.8,7.3,9.3,8,8.2,7.7,NA,7,8.9,7.2,7.8,8,9.4,8,8.8,8.5,8.3,8.8,8.1,8.3,9.2,8.4,8.8,8.9,8.1,9.2,8.9,9.3,7.5,9,8.7,7.4,7.8,7.5,8.2,8.5,9.5,7.5,9.1,8.9,7.9,7.4,7.5,8.31728395061728
"105343546",NA,7.2,7,6.9,7.5,7.4,6.8,NA,7.2,9,8.4,7,6.3,9.2,7.7,8.5,7.4,7.8,7.4,8,7.8,8.8,8.2,7.1,7.8,7.6,8.1,8,6.5,7.25,7,7.6,9.2,7,5.6,6.7,8.8,8.3,6,7.9,8,7,5.9,8.6,7.43493975903615
"105343548",NA,7,7,7.7,7.6,8.8,6.5,NA,7,8.5,7.2,7.1,5,7.8,7.9,8,8.4,7.5,8.6,8.7,7.5,9.5,8.7,9,8.8,8.6,8.9,7.8,9.2,8.7,7,7.9,7.8,7,8.1,8,9,9.7,7.8,9,8.3,7.9,7.4,7.2,8.00617283950617
"105343549",NA,8,7.7,8,7.9,7.5,7,NA,7,8.9,7.8,7.2,5.8,8.4,8.1,8.8,8,9.5,9,7.8,9.5,9.1,9.1,8.6,8.7,7,7.9,7.1,8,7.63,5.8,8.5,7.9,7.2,7.6,8,8.9,9,7.8,8.9,7.9,7.7,6.9,7.3,7.94024691358025
"105343551",NA,7.3,9.5,8.8,8,7.7,5.1,NA,7,9.5,7.5,7,5.1,8.8,7.6,9,8.4,7.5,8.9,7.5,7.5,9.1,8.2,7.4,7.4,8.5,8,5.8,7.7,7,8.3,7.7,6.5,7,7,7.2,8.9,9.1,6.1,8.4,8.6,8.4,7,5.7,7.62530120481928
"106343541",NA,7,5.1,5.5,5,5.1,3.7,NA,7.4,8,9,7.2,5,5.4,8.8,9,7.9,8.2,8,7.3,8.2,7.2,9,7,7.3,8.1,5,5.1,7.8,7.5,7.1,5.9,7.5,6.2,6.3,5.5,9.1,9.6,6.1,6,7.2,8.1,5.6,5.4,5.84752475247525
"106343545",NA,7.3,5.2,6.2,7,7.1,7,NA,7.6,7,7.5,6.5,5.2,5,7.8,8.8,7.4,8,8.1,5,8,7,8.4,6.5,7.6,7.7,7.1,6.2,7.3,7.8,7,7.7,7.1,6.7,7,5,7.9,9.5,7,7.5,7.4,7.2,8.8,6.3,6.8551724137931
"106343546",NA,7.3,5,7.9,7.4,7.2,7,NA,5,8,7.9,5.3,6,7.3,7.7,8.8,7.1,8.3,8.4,7,8.3,7.4,8.7,7,7.7,9,7.7,6.2,7.5,8.2,5.2,7.4,6.9,6.1,7,7,9.3,9.5,6.7,7.5,7.6,6.5,6.7,5.3,7.2
"106343547",NA,6.7,7.2,6.8,5.4,6.6,7,NA,7,9,7.3,8.1,5,7.5,7.7,8.5,8.4,8.8,8.1,8.3,8.8,9.2,8.2,8.2,8.4,7.8,7.4,6.3,5.3,8,7,7,7.4,7.5,6.3,7.6,8.8,8.7,7,8.5,8,6,7.9,8.2,7.51604938271605
"106343548",NA,9.2,5.5,7,7.1,8.2,NA,NA,7,9.3,7.2,5.6,7.7,7.5,8,9,7.9,5.8,9.3,5.8,5.8,8.1,8.2,8.5,8.1,9.5,7.6,7,8.5,7.7,7.1,7,7,7.2,6,7.4,7.6,8,8,8,8.6,7,10,7.1,7.53950617283951
"106343549",NA,NA,5,5,5,5.4,NA,NA,5,9.7,7.5,5.1,NA,NA,9.4,9.5,7,7,7.8,5,7,9.2,7.5,7,8.4,7.1,5,6.2,9.3,5.8,5,9.2,5,5.7,7.1,7,7.2,6.3,7,8,6,5,6,5.8,4.61393442622951
"106343551",NA,7.2,7.2,6.6,7,8.1,6.4,NA,7.9,8.1,7.7,5,6.4,7,8,9.5,7.9,8.4,7.7,7.7,8.4,9.2,8.2,7.4,8.1,7,9.2,6.2,9,7.7,7.3,7.9,8.7,5.8,6.4,7.1,9,9.7,7.7,8.5,8.1,8.7,7.1,7.4,7.47857142857143
"1268289547",5,6.2,5.6,7.3,7,7,7.7,5.3,6.6,7,9.7,7.3,5.5,8.3,5,8.3,7.5,8.1,7.1,8,8.1,9.5,8.9,8.5,7.9,8,7,5,7.7,5.4,5,5.3,5,6.1,8.1,8.4,8.8,9.5,5.5,8,5.9,6.6,5.4,7.8,6.76043956043956
"1269495443",NA,NA,7.8,7.2,7.5,5.6,NA,8.6,6.5,NA,5.9,6.3,NA,9.1,NA,NA,7.9,5.1,NA,NA,5.1,7.8,8.6,NA,NA,NA,5.8,NA,NA,5.4,5.9,5.2,5,5,NA,NA,8.2,8.9,6.6,8.5,5,6,5,NA,5.93913043478261
"1269495444",7.1,8,8.4,5.8,6.3,6.5,8.6,6.3,7,8.8,6.1,7,7.3,7.8,8.1,8.7,8.1,7.2,7.2,8.6,7.2,7.2,8.1,7.2,5.1,8.8,8.5,6.4,6.1,7,5,8.4,7.4,7.3,5.5,7.1,9.4,8.3,5.9,9.4,7,7.3,6,7.1,7.2
"1269495448",9,8.1,7.9,9.5,7.6,7.9,5.9,5.7,8.1,9.8,7.8,6.5,8.7,9.4,8.3,8.3,9,7,8.4,7.6,7,8,8.5,6.7,8,8,7.8,7.9,8.1,9.2,6.5,8.6,8,6.7,6.2,7.9,9.4,8.3,7,8.7,6.3,5.5,6.8,7,7.79647058823529
"1269495449",NA,NA,7.8,8.2,5.5,5.7,NA,NA,8,8,7.4,7,8.1,8.8,7.9,8.8,7.1,7.4,7,7.8,7.4,7.5,9.6,8.5,8.7,7,7.5,6.8,7.9,8.8,6.6,7.1,8.6,NA,8.3,9,8.3,8.9,7.3,9.2,7.6,7.4,5.4,5.7,6.97441860465116
"1270495442",10,9.1,9.4,9.4,8.9,8.1,8.7,8.3,9,10,7.9,8.8,9.1,9.3,8.2,9.2,9.3,7,9.9,8.9,7,9.7,8.1,8.6,9.1,8.2,9.3,8.1,7.7,9,9,9.3,9.7,8.1,8.1,8.9,9.4,8.3,9.2,9.3,7.5,8.2,10,7.6,8.80235294117647
"1270495450",NA,NA,8,8.6,7.5,5,7.3,5,6.2,NA,8.7,5.9,5,9.4,NA,NA,8.7,7,NA,7.3,7,8.7,7.9,7.4,7.1,NA,7.4,5.9,9,6.5,8.6,7.4,8.1,5.7,8.1,7.3,8.9,7.7,5,7.9,5,8.1,6.2,5.6,6.8125
"1272495432",6.8,8.8,5.4,8.9,7.4,6,5.2,5,6.8,10,8.6,6.8,8.7,9.5,8.5,8.7,8.2,5,8.5,7.5,5,7.7,7.9,5.1,8.2,9.3,5.9,5.8,8,9.2,7.4,7.7,7.3,5.8,5,7.1,9.4,8.3,5.1,8.8,6.7,7,6.2,5.4,7.20574712643678
"1272495434",9.4,9.2,9.1,8.3,9.7,9.5,9.5,8.1,7.4,10,8.7,8.5,8.2,9.5,8.3,9,9.6,8.5,9.8,9.3,8.5,8.3,9.1,9.8,9.1,8,9.2,8,9.6,9.4,8.2,9.9,9.5,9.2,8.9,9.3,7.1,7.8,8.4,9.8,8.8,8.9,9.4,9.8,8.92470588235294
"1307041769",NA,NA,6,7,6.8,5.5,NA,NA,5,NA,5,NA,NA,NA,NA,NA,7.4,5.8,NA,NA,5.8,NA,8.2,NA,NA,NA,NA,NA,7.1,5.6,5.3,NA,NA,NA,NA,NA,5.3,8.2,5,NA,NA,6.1,NA,NA,5.68717948717949
"1323658038",NA,NA,NA,8.5,NA,NA,NA,NA,6.5,9.7,NA,NA,NA,NA,NA,NA,8.4,7,NA,NA,7,NA,9.1,NA,NA,NA,NA,NA,NA,8.5,8.6,NA,NA,NA,NA,NA,7.1,8.6,NA,NA,NA,NA,NA,NA,8.11904761904762
"1326658019",NA,NA,7.5,8.1,7.1,5.7,NA,NA,5.2,9.7,NA,NA,NA,NA,NA,NA,8.3,7.6,NA,NA,7.6,NA,8.2,NA,NA,NA,NA,NA,7.5,7.9,NA,NA,NA,NA,NA,NA,7.1,8,7,NA,5.4,7.1,NA,NA,7.33939393939394
"1327658021",NA,NA,NA,NA,NA,5.8,NA,NA,5.7,NA,NA,NA,NA,NA,NA,NA,8.1,5,NA,NA,5,NA,NA,NA,NA,NA,NA,NA,NA,6.5,NA,NA,NA,NA,NA,NA,NA,7.8,NA,NA,NA,7.1,NA,NA,6.55
"1328658017",NA,NA,5.5,6.3,5.4,6,NA,NA,5,8.2,7.6,7.1,NA,NA,NA,NA,7.2,7,NA,7.2,7,8.3,7.9,NA,NA,NA,5.8,NA,6.2,5,7.9,5.6,5,5.7,NA,NA,7.3,8.4,7.4,7,7,5.9,5.8,NA,6.5280701754386
"1328658022",5,NA,6.6,7,6,5,NA,7,5.8,9.7,8,5.2,NA,8.7,NA,NA,7.2,5.4,NA,5,5.4,8,7.2,NA,NA,NA,7.3,NA,8.8,7.2,6.2,8.3,7,5,NA,NA,NA,8.9,7,7,5,5.4,7.2,NA,6.31194029850746
"1450397880",8.2,7.7,8.2,8.8,7.2,7.6,7.5,7.6,8.2,9.7,8.2,8,8.3,8.8,7,8.7,7.3,7.2,8.5,9.4,7.2,9.6,8.4,7.9,9.5,7.2,8.6,8.2,8.7,7,8.1,8.1,7.9,7.6,7,9.4,8.7,9,7.6,9,7,7.7,9.2,7.6,8.16117647058824
"1450397885",NA,NA,NA,7.1,NA,NA,NA,NA,NA,NA,NA,NA,NA,NA,NA,NA,6.6,5.8,NA,NA,5.8,NA,NA,NA,NA,NA,NA,NA,NA,NA,5,NA,NA,NA,NA,NA,8.2,7.4,NA,NA,NA,NA,NA,NA,6.67142857142857
"1451397875",NA,NA,NA,NA,NA,NA,NA,NA,5.8,9.5,NA,NA,NA,NA,NA,NA,6.9,NA,NA,NA,NA,NA,NA,NA,NA,NA,NA,NA,NA,NA,NA,NA,NA,NA,NA,NA,NA,8.8,NA,NA,NA,NA,NA,NA,6.50909090909091
"1451397881",NA,NA,5.7,7.3,NA,5,NA,NA,5.7,NA,7.3,NA,NA,NA,NA,NA,8.3,7.7,NA,NA,7.7,8.4,9.8,NA,NA,NA,NA,NA,NA,6.4,6.8,8.4,NA,NA,NA,NA,8,8.6,8,NA,5.9,7,NA,NA,7.28857142857143
"1451397886",7.6,7.7,8.5,8.7,6.7,7.2,6.6,7.2,NA,10,8.9,8.2,9.1,8.2,7.6,8.5,NA,7,8.8,7.2,7,8.1,8.9,7,9.4,9,8.7,7.4,8.9,7.3,9,8.4,7.8,6.9,6.3,8.2,7.9,8,7.5,9.2,7.4,7.7,7,7.2,7.95308641975309
"1462397848",6.6,NA,5,8.1,5.6,6.3,NA,NA,5.5,NA,7.7,5,NA,NA,NA,9.2,7.7,7,NA,NA,7,7,6.8,NA,NA,NA,5,NA,NA,6.4,7.3,6,5.5,5,NA,NA,8.2,7.9,5.6,5,6.3,5.9,5.1,NA,5.27702702702703
"1462397850",7,8,9.5,7.8,8.6,8.2,9.1,9.8,8.8,9.7,9.3,8.7,9.1,10,8,8.4,8.6,7.4,9.7,9.2,7.4,9.9,8.6,8.8,8.7,8.9,9.2,9,8,7.7,8.4,8.4,9.5,8.2,6.3,9.4,7.5,8.8,8.6,8.6,8.6,8.2,9.3,10,8.55402298850575
"1463397846",7,7.6,NA,7,9.3,5.9,8.9,7,8.3,8.5,7.7,8.1,7.4,10,8.5,8.4,8,7.4,9.8,8.8,7.4,8.6,9.4,8.8,8.3,5.4,8.6,8.9,7.5,6.5,8.5,7.4,9,8.1,8.3,8.8,NA,8.3,7.2,9.7,7,6.8,8.2,8.8,8.05555555555556
"1463397853",NA,NA,5.9,7.8,7,7.2,7,5.1,6.1,9.8,8.3,5.5,7.1,7.7,7.6,8.8,8,7,8.2,5.9,7,9.7,8.3,5,8.1,NA,5.4,5.7,7.3,5.7,5.6,5.7,6.4,5.6,5.6,8.4,7.5,8.8,5.6,7.4,6.4,6,6.8,8.5,6.67857142857143
"1464397850",NA,NA,5.2,7,NA,5.9,NA,NA,6.2,NA,7.3,NA,NA,NA,NA,NA,7.9,5,NA,NA,5,NA,8.2,NA,NA,NA,NA,NA,NA,6.8,7.7,NA,7.1,6.4,NA,NA,9.3,7.4,5.9,NA,5.9,5.9,NA,NA,5.94666666666667
"1465397840",8.2,7.9,NA,NA,8.3,7.7,8.2,7.2,7.7,9.3,7.6,7.3,8.8,10,8.9,9.2,NA,8.4,9.1,9.8,8.4,9.4,7.3,8.7,8.9,7.8,9.5,8.5,9.1,6.8,8.8,7.4,10,8.6,8.5,9,9.3,NA,8.3,9.7,9.4,NA,8.9,7.9,8.57837837837838
"1465397842",5.8,7,8.3,8.7,9.1,5.4,8.5,5.3,NA,6.4,5.6,7,7.6,8.3,7.6,8.7,NA,7.2,9.6,9,7.2,9.2,9.4,8.1,8.4,6.5,7,7.4,8.8,6.9,6,7.3,9.3,6.4,7.5,9,9.3,NA,5.2,9.7,7,7.5,7.4,7,7.60128205128205
"1465397852",8.2,7.4,7.4,9.1,6.2,8.8,7.8,7.3,7.8,10,9.2,5.4,7.4,9,7.3,9.8,9.1,8.6,8.7,7.2,8.6,10,8.5,7.1,8,7,9.1,8.2,9.2,7.3,6.2,7.5,8.6,6.6,7,8.1,8.7,9.1,7.4,7.9,7,7,7.4,7.5,7.95411764705882
"1539215531",5.9,NA,5.6,7.2,5.5,5,NA,NA,5,NA,7.4,NA,NA,5,NA,NA,5.7,5.9,NA,NA,5.9,7.1,NA,NA,NA,NA,5.1,NA,7,6.2,5.3,5.4,7.4,5.8,NA,NA,7.5,NA,5.6,NA,5.2,5.7,NA,NA,5.5
"1637405762",5.3,8.2,5,7.3,5.1,5.2,5,5.5,5.4,9.4,7.1,5.1,5.2,8.2,5,9,7.2,5.3,6.3,7.2,5.3,7.6,8.3,7.7,9,5,5.5,5.4,7.8,6.7,5,5.9,6.2,5.8,6.5,7.7,6.7,7.7,5,7,5.3,5.3,5.1,5.5,5.6018691588785
"1642405874",7.3,7.5,7,7.7,7,5.9,6.6,7.1,5.4,9.7,8.7,7.5,7.3,9.2,7,9.1,8.4,8.7,8.6,7,8.7,9.8,8.5,7.2,8.3,5,9.7,7.4,9.1,6.8,8.7,8.6,8.6,7,7,7.3,8.7,9.1,7,8,7,6.1,8.2,7.1,6.87575757575758
"1669020028",5.4,5,7,7.9,5.6,6.8,5.3,5.2,5.5,7.8,7.1,5.6,5.2,7.7,8.2,9.2,7.1,7.1,5.4,7,7.1,8.5,7.8,5.5,7,7.8,5.9,5,8.5,7,5,5.4,7.1,5.8,5.3,5,7,8.6,5.4,7,5.4,5,5.6,5.6,5.27637795275591
"1669020030",5.3,9.4,7,7.4,7.3,6.8,7.6,NA,5.9,8,7.8,6.5,7,7.4,8.4,9.6,7.3,7.8,9.3,8.7,7.8,7.2,9.8,8.8,9.5,10,8,7,8.6,9.2,7.1,9.5,6.9,5,8.4,9.4,8.8,9,7,9.5,5.7,7.7,7.3,7,7.85783132530121
"1716989860",NA,7,5.3,8.1,8.7,7.6,7,NA,9.7,9,7.1,7.1,7,5.4,8.8,9,8.8,8.5,8.6,7,8.5,8.8,8.3,8.3,8.1,7.6,7.5,6.8,9.5,8.6,8.3,9.2,7.6,5.8,7,7.9,9,9.4,8,8.7,7.1,7.8,6.3,7,7.63294117647059
"1716989867",NA,NA,5.8,7.6,7,7.5,NA,NA,7.3,9,7,7.1,5.8,8.9,9.2,8.3,7.3,7.7,7.8,7,7.7,8.7,8.4,7.8,7.8,NA,5.6,6.9,9.2,7.8,7,7.6,7.5,NA,7,7.1,8.6,8.4,7.8,8.7,7.4,7.5,7.4,5.9,6.48222222222222
"1717989860",NA,7.3,6.4,7.2,7.6,5.9,5,NA,8.4,8,7.5,7.7,5.7,5.1,8.3,7.7,8.3,7,8.2,7.6,7,8.1,8.2,8.3,7.5,7.2,8.1,7,7,7.3,7.7,6.8,8.5,6.6,8.3,7.3,8,8,7.1,8.1,7.5,5.4,6,7.5,7.16
"1752456034",9.5,7.4,5.1,7.8,7,5,10,NA,7.2,9.8,7.3,7.7,8.5,7.9,8,8.8,8.4,6.1,8,8.4,6.1,7.2,5.5,7.2,8.7,8.9,7,5.7,9.2,5.6,7.7,7.8,7.3,5,7,7.1,8.6,8.5,5.1,8.2,5,5,5,7.2,6.97096774193548
"1752456035",NA,6.9,5.1,6.4,7.5,7,8.3,NA,7.4,9.8,7.9,7.4,7.3,7.7,9.2,8.3,6.5,5.9,8.2,7.7,5.9,7.5,6.3,7.4,8,8.8,7,5.1,9.5,8.9,5,5.8,5.2,5.7,7.2,7.2,6.5,7.8,7.1,8.4,5.4,5.2,5.3,6.4,6.56276595744681
"1752456039",7,7.2,7,7.5,7.1,7,NA,NA,6.2,7.5,7,7.4,7,7.2,8.7,7.7,7,7,8.3,7.6,7,7.5,5.6,7.1,9,9.3,NA,NA,8.2,5.1,5.9,5.5,5,6.6,7,8,7.4,8.3,5.8,7.1,5.7,5.8,5.3,6.2,6.78313253012048
"183429266",NA,NA,7,7,6.1,5.6,NA,NA,5.7,NA,7.2,NA,NA,NA,NA,NA,7.5,5.4,NA,NA,5.4,7.6,6.3,NA,NA,NA,7.2,NA,8.1,5,7.3,5.5,8.5,5,NA,NA,7.1,9,7,7,5.8,6.8,5,NA,6.59019607843137
"1864571313",NA,7.5,7,8,7,7.6,6.5,NA,8.2,10,7.9,5,6.3,5,7.5,9,8,5.4,7.6,7,5.4,8.1,7.7,7.4,8.3,7.8,7,6.4,7,7.3,7.3,7.6,6.5,5.6,7.4,7,8.3,8.9,6.2,8,7.1,7.2,7.2,7,7.06823529411765
"1864571315",NA,8.7,5.7,7.9,7,7.8,6.3,NA,8.7,8,7.4,7.2,7.3,7.4,8.3,9,6.7,7,8.3,7.8,7,8,9.1,7,8.6,8.7,8.7,7,9.5,8.3,6.1,7.2,7,5,7.9,7.3,8.3,8.5,7.6,9.1,7.9,7.7,7,6.6,7.55421686746988
"1864571316",8.2,7.3,5.1,5.4,5.2,7,NA,NA,6,7,5.9,5,8.4,5.2,7.4,7.6,5.1,7,7.2,7,7,7.1,8.1,5.9,7.8,8.3,5,6.1,9,7.8,5,7.9,6,5,5.8,5.6,7,8,6.2,7,7,5.1,6.2,5.5,5.74150943396226
"1864571318",NA,8.2,7.7,7.6,7.4,7.5,6.1,NA,9.2,8.5,8.6,8.2,7.6,5.1,9.1,8.3,7.7,7.4,7.2,8.6,7.4,7.6,9,7.2,8.4,8.3,8.2,6.4,9.5,7.8,9.2,7.8,7.2,7.8,5.1,6.5,9.1,9.8,9.4,8.7,7.8,8.7,8.1,7,7.84216867469879
"1864571321",NA,NA,5,8.2,6.2,7.9,NA,NA,NA,NA,NA,NA,NA,NA,NA,NA,7.4,7.6,NA,NA,7.6,NA,NA,NA,NA,NA,NA,NA,NA,7.5,NA,NA,NA,NA,NA,NA,7.4,7.6,NA,NA,7.7,5.4,NA,NA,7.125
"1865571312",6.1,5.7,5,5.2,5.4,5.2,8.8,5.1,5.3,8,5,5.7,7,7.6,7.4,8.5,7,7,7,7.8,7,7,8.4,7,8.5,8.3,5.6,5.5,8.8,5.4,6.6,5,5.1,5.7,6.6,6,8,8.6,7,8.7,5.5,5.7,5,5,4.87446808510638
"1865571313",6.4,8.8,7,7.2,5.6,7,6.4,NA,9.6,8.2,8.2,7.2,7.9,7.9,7.4,8.2,8.7,6,7.9,7.6,6,9,8.5,5,9,8.8,7.9,6.8,9.3,7,7.1,8.5,7.9,6.6,5.3,7.1,8.6,9,7.1,8,8.5,5.9,7.4,7,7.46
"1865571314",NA,8.1,7,7.5,5.4,7.6,7,NA,7.2,9.5,8.4,7.7,7.2,7.3,7.8,8.3,7.1,7.9,8.1,8.1,7.9,7.3,9,7.6,8.8,9.5,7,7.2,7.8,5.1,6.7,7.2,7.2,6.6,7,6.2,8.5,8.5,6.5,7.8,5.9,7.6,6.2,7,7.44320987654321
"1865571315",NA,8.8,6,8.7,8.5,7,8.8,NA,9.5,9,8.7,8.5,8,8,7.9,8.5,7.6,7,9.2,8.6,7,9.6,9.1,8.2,8.3,8.5,7.8,7.5,9,8.3,7.6,8.4,8,8.9,8,8.2,8.3,8.5,7,9.3,7.8,7,6.7,5.5,8.14814814814815
"1866571312",NA,8.6,5.3,6.5,8,7.7,7.2,NA,8.1,8.5,9.2,7.5,7.4,9.5,9.1,8.5,7.9,7,7.3,8.3,7,8.5,8.5,8.6,8.4,9.5,8.6,6.9,9.8,8,8.9,7.7,7.6,7.3,6.1,6.1,8.6,8.6,6.8,8.2,6.4,7.2,7.4,5.4,7.83456790123457
"1866571313",NA,7,7.1,7,8,7.5,5.1,NA,9.9,8.5,9.6,7.5,7,8.3,9.2,9.5,9.1,7.5,8.1,7.5,7.5,8.5,9.1,7.2,8.4,9.7,9.5,5.7,9.7,7.7,7.6,7.9,8.1,6.5,6.5,7.7,8.3,8.5,8.5,8.1,7.9,9.5,7.1,5,7.95802469135803
"1866571314",7.4,8.2,7.4,5.8,7.7,5.7,7.3,NA,5.5,7.5,8.3,5,7.1,9.5,7.4,8.2,5.8,7,7,7,7,5.2,8.1,7,8.8,8,8.8,6.7,6.9,5,6.4,7.6,7.4,6.7,5.3,6.3,7.1,6.9,5.5,7.7,6.6,5.5,7.1,5.9,6.57741935483871
"1866571315",NA,7.8,5.5,7.5,6.5,7.6,5.5,NA,8.7,10,9.7,7.1,5,8.3,8.9,8.8,8.8,7,8.2,7.9,7,8.8,9,8,8.5,8.8,NA,NA,10,8.5,8.5,8.2,7,5,6,6.9,9.1,9.8,9.3,8.8,8,8.7,7.7,NA,7.97105263157895
"1866571316",NA,8.2,5,6.2,7,7.7,5.6,NA,7.6,7.5,7.9,7.5,7.5,6.2,7.5,8.3,5.4,6,7.8,8.3,6,8.9,7.6,8.4,8.8,9.3,8.2,7,7.3,7.3,7,7.1,8.7,7,8.6,7.1,8.4,6.6,6.7,9.2,7.7,5.8,7.7,5.2,7.26867469879518
"1866571326",NA,5,5,5,7.6,5.9,5,NA,8.8,10,8.3,7.6,5,5.8,8.1,8.5,7.2,6.6,7.4,8.1,6.6,9.3,8.2,8.5,8.2,7.3,5.8,5.6,8.8,7,5,7,7.6,6.7,7.2,6.8,6,7.2,7.5,8.5,8,8.4,5,5.1,6.90588235294118
"1866571327",NA,7.5,7,7.7,7.6,7.5,7.2,NA,8,9,8.3,7.9,6.2,7.5,8.5,9,8,7,7.8,8.5,7,8.8,8.5,5,8.1,9.8,7.6,6.6,8.3,9,7.8,7,7.2,6.8,5,5.4,8.6,9,7,8.1,8.9,7.9,7.1,5.6,7.64814814814815
"1867571304",NA,7.5,5,6,5.9,5,5.4,NA,7.5,9.5,7.2,5.5,5.7,6.6,7.9,7.7,8.6,5.7,7.1,8.1,5.7,7.5,8,7,8.1,8.1,7.7,6.2,9.2,8.7,5.6,7.1,6,6.6,7.2,7.8,6.5,8.1,6.5,7.3,6.6,5,7,5.1,6.02718446601942
"1867571306",NA,NA,NA,NA,NA,NA,NA,NA,5,NA,NA,NA,NA,NA,NA,NA,5,7.7,NA,NA,7.7,NA,NA,NA,NA,NA,NA,NA,NA,7.1,NA,NA,NA,NA,NA,NA,NA,8.7,NA,NA,NA,NA,NA,NA,6.95
"1867571310",NA,7.2,5.8,7.3,7.4,7.2,NA,NA,8.7,8.5,6.8,8.3,6.4,5.6,7.9,7.5,7.3,8.8,NA,8.1,8.8,8.4,8,NA,7.7,9.3,8,7.3,7.5,8,9.4,NA,9,5,NA,8.5,8.5,8.5,7.7,7.7,8.7,8.8,7.6,8,7.8112676056338
"1985875425",7.1,6.6,7,7.6,7.6,7,5.1,6,7.9,10,8,6.5,7,9.4,7.6,9,NA,7,8,8.1,7,8,8.5,7.5,7.9,6.2,7,6,7.9,7.3,5.7,7.7,7.9,7.8,5,7.1,7.7,7.6,5.4,8.3,7.3,7.1,6.5,6.3,7.26746987951807
"1985875434",9.2,8.3,7.9,8.7,8,8,8.1,5,8.4,9,8.8,7.8,7.3,9.7,8.1,8,9.1,8.1,7.9,9.1,8.1,9.1,9,8.2,9.2,9,9.4,8.5,6.9,9.2,7.8,7.4,8.5,8,7.8,9,8.9,8.5,8.6,9.5,7.3,7.5,7.2,7.8,8.21379310344828
"1985875436",NA,NA,7.2,8.9,7.1,7.7,NA,5,7.7,9.3,7.7,6.4,7,5,7.3,9,8.4,7,8.3,7.6,7,9.1,9.6,5.8,7.4,NA,7.5,6.4,7.6,7.4,5,8.1,8.7,7.6,6.2,7.44,8.9,7.7,6.5,8.9,7,7.8,5,6.1,7.19088607594937
"1985875439",7.9,5.8,7.2,8.6,5.9,6.2,5.4,5,5.8,7.6,7.9,8.7,8.3,8.6,7.6,8.3,5.6,5.3,7,8.5,5.3,7,8.3,7.8,6.2,7.2,7,7,6.7,7.4,7.6,7.6,9.4,6.3,7,7.8,8.9,8.5,6.3,8.4,5.7,5.1,5.8,8.4,6.35346534653465
"1986875433",8.3,9.2,7.5,5.4,7.8,7.1,7.5,7,6.3,8.5,7,8.4,7,9.4,8.3,8.5,8.1,7,8.6,8.9,7,7,7.3,8.5,8.5,8.5,8,7.4,8,7.4,7,8.6,8,7.4,7.3,7.8,7.1,7.8,7.5,9.6,7,6.6,5.6,6.8,7.68470588235294
"1986875434",7.1,6.4,7.1,5.8,7,7,8.7,5.2,6.8,10,7.1,7.3,5,8.3,8.4,7.9,8.2,5.3,8.9,9.1,5.3,8.8,7.6,8.8,8.2,8.7,7.9,7.1,5,7.4,8.3,8.5,9.5,8,8.1,9,7.1,7.8,7.5,9.6,7.1,6.5,5.6,6.1,7.44252873563218
"1986875436",NA,NA,5,5.8,5.1,6.9,NA,NA,5.8,8,7.4,6.6,NA,NA,NA,9,7.2,5,NA,5.1,5,8,9.5,NA,NA,NA,5,NA,NA,6.5,6,7.6,7.5,6.5,NA,NA,8.3,9.6,5.5,8.3,5,6.5,7.1,NA,5.38076923076923
"1986875438",7,8.4,5.6,5.5,7,5,7,5.7,5.2,9.3,7.9,5.4,6.6,8.8,7.8,7.3,6,7,7.3,7.6,7,8.6,7,7.1,7.6,7.1,5.9,5.2,5,7.3,8.4,5.4,7.6,7.4,5.7,6.4,6.2,8.2,5,7.9,5.1,6.5,7.4,5.1,6.49052631578947
"1986875439",7.9,NA,5.4,7.6,8.4,6.8,NA,6.8,6.4,9.8,8.1,7.4,8.9,9,7.5,8.8,8.4,7.4,7.5,8.9,7.4,8,9.6,7.6,8.6,8,8.5,6.6,7.5,9.4,8.1,6.6,8.5,6,8.2,8.4,8.3,8.9,7.6,9.4,6.5,7.5,6.4,5.9,7.64096385542169
"1988669523",5.4,6.1,6.7,7.3,7.2,7.1,7.5,5,7.3,8.5,9.4,8.2,5.7,8.3,5,8.3,7,7,7.2,9,7,10,8.3,8,8,7.8,7.5,5.5,8.6,6.9,7.4,7.4,5.1,6.3,7.9,7.9,8.8,9.5,6.3,8.7,6.1,6.3,7,8.3,7.25747126436782
"1988875428",NA,7.5,5,5.5,6.4,6.1,NA,NA,6.6,8.3,7.4,5.5,7,9,8,7.3,7.1,5,8,8.4,5,7.1,9.6,7.2,8.2,6.8,NA,NA,6.5,7.4,8.6,6.8,8.4,7.1,7,8,8.9,7.7,5.9,8.7,6,5,6,NA,6.82307692307692
"1989875436",7.8,7.2,7.1,8.5,7.4,7,5,5,7.1,10,7,7,8.2,9.5,8,9.2,7.6,7,9,8.1,7,8.1,8.3,7.7,8,9.7,NA,NA,8.1,9.2,5.5,8.2,7.8,5.4,6.3,6.6,8.9,8.5,7,9.5,5,5.8,7.2,NA,7.5625
"1997669620",5.3,9,5.8,7.3,5.9,8.2,8.2,6.7,5.7,7,7.8,7,7.8,8.3,7,8,8.3,7,9.2,8.6,7,8.7,7.2,8,8.3,7,5,7,7.6,6.4,5.8,7.1,7.4,5,7.8,8,8.8,9.5,7,8.8,5.9,7.2,6,8,7.01397849462366
"1997669624",5.7,6.3,5.9,8.4,6.3,7.3,6.2,5.7,7.9,7,8.2,6,6.4,8,7.3,8.4,7.4,5.7,7.6,7.5,5.7,6.7,7.8,7.8,5.2,7.5,7,5,5.6,6.5,7.9,6.6,7,5.5,7.5,7.7,8,8.2,5.3,9,6.6,5.5,5.2,9.3,6.39175257731959
"1997669631",6.4,8.1,5.8,6.8,5.4,5.3,5.3,5.6,5,8.8,7,5.3,6.6,7.8,5,9,5,7.4,8,7.1,7.4,7.1,6,8.8,8.2,7.2,7.5,5.9,7.7,6.7,5,7.2,8.1,7,8.3,8,7.1,9,7.6,7.4,7,5,6,7.3,6.38659793814433
"1998669622",5.5,7,7.8,7.3,7,7.9,7,6.4,7.2,9.5,9.6,7.1,7.3,8.8,7.8,9.5,7.7,8.8,8.4,7.4,8.8,9.1,9,8.9,8.2,7.3,7,6.4,9.2,7,7.4,8.2,7.1,5.4,8.5,8.2,8.8,9.5,7.5,8,7.5,7.2,7,7.3,7.4978021978022
"1999875398",9.5,10,9.2,8.4,8.4,7.3,8.8,7,7.4,10,7.5,8.3,8.6,9.5,8.7,9.3,9.5,8.7,9.3,9.1,8.7,8.4,9.6,9.6,9.1,8.4,9.1,8.1,8.5,9.4,8,8.5,9.2,7.7,9.8,9.3,8.3,8.9,8.4,9.5,8.4,9.2,9,9.1,8.77176470588235
"1999875399",9.2,10,9.3,8.7,9.3,8.7,9.2,7.6,9.1,8.8,7,8.3,7.5,9,7.9,9.3,8.8,8.8,8.4,9.1,8.8,8.9,8.3,8.9,8.5,8.3,9.3,8.6,8.5,9.2,9.9,9.6,9.3,7.8,8.6,8.8,8.9,8.5,8.3,9.5,8.3,9.5,8.9,9.2,8.77294117647059
"2000669617",NA,NA,NA,7,5.6,5.1,NA,NA,6.5,9.5,NA,NA,NA,NA,NA,NA,8.7,7,NA,NA,7,NA,7.6,NA,NA,NA,NA,NA,NA,6.5,NA,NA,NA,NA,NA,NA,7.8,7.9,5.3,NA,NA,7.5,NA,NA,6.88620689655172
"2000875398",NA,NA,6.1,7,5.6,5,NA,NA,5.4,7,7.5,7,5,8,5.5,7.8,7.4,7.3,7,7.7,7.3,8.9,8.5,7.1,8,6.5,5.9,7.4,8.5,6.2,7.1,7.6,7.3,7.6,5,7.2,7.3,8.4,7.1,8.3,5,7.8,6.4,7.9,6.81875
"200645921",7.2,7.3,8.7,7.7,5,5,7.2,6.1,7.3,9,8.7,7.2,7.5,9.7,7.1,9,7.6,7.4,7.7,8.6,7.4,8.3,8.4,7.8,9,7.6,7.5,7,7.5,7.3,7.2,7.5,7.2,5.1,7.9,7.8,9.3,8.3,7.2,8.3,7.3,7.8,7.5,7.6,7.49540229885057
"200645922",7.4,7,7.4,8.7,7.8,7.4,7,5.3,8.1,10,9.6,7.6,5.1,8.5,9.1,8.8,7.6,7.4,8.6,9.7,7.4,9.2,9.6,7,8.1,8,8.8,5.9,NA,7,9.2,8.2,7.5,8.5,7,7.2,9.3,8.1,7.7,8.6,7.1,7.7,6.4,7.7,7.86987951807229
"200645926",NA,NA,5,7.7,7,6.3,NA,NA,5.3,NA,8.3,NA,NA,NA,NA,NA,7.8,7.2,NA,NA,7.2,NA,7.1,NA,NA,NA,7,NA,NA,5,7.2,NA,6.2,6.4,NA,NA,8.2,8.9,7.7,NA,5,6.4,NA,NA,6.65365853658537
"2021657105",NA,5.1,5,7.6,5.2,5.3,5.1,NA,5.7,10,7.3,5.5,5.9,7.8,8.8,8,5.7,5.3,5.6,7.5,5.3,7,7.6,8.3,9.1,8.7,5.7,5.3,9,5.3,5,5.6,8.5,5.2,7.9,7,7.9,5.6,7,8.3,5.1,6.1,6.4,5.1,5.66296296296296
"2023657106",NA,NA,6.7,7.8,8.4,8.1,NA,NA,8.8,10,8,7.6,NA,7.6,7.6,8.6,8.4,8.6,8.3,8.7,8.6,8.7,7.9,8.4,8.5,7.1,9.2,7,9.6,7.2,8.5,9.4,8.1,7,7.7,7.4,7.7,8.9,7.8,8.5,7.6,8.7,8.1,8.1,8.18
"2023657108",NA,NA,5,6.7,7,5.3,NA,NA,7,NA,NA,7,7,5,NA,8.9,5.5,6,NA,5.9,6,7.6,6.7,5.4,7,NA,NA,NA,5.5,7,5,7,5,5,NA,NA,7.8,7.3,7,NA,7.5,5,NA,NA,4.80348837209302
"2023657110",5.3,5.1,5.4,6.8,5.8,6.4,8.3,5.1,7,8,6.5,5.5,7.3,7.3,8.7,9.5,7.7,5,7.1,7.2,5,8.3,7,5.7,8,8.6,5.1,6.3,9.2,5,5.5,7,5,5,5.5,6.4,7.9,5.6,5.3,7,5.4,7.8,5.8,5.9,5.6353982300885
"2023657111",NA,8,5,7,7.2,8.3,7,NA,7.1,9,8.2,7.2,6.6,7,8,8.5,5.9,6,7.9,7.9,6,8.8,8,5.4,8.9,7.1,7.8,5,7,8.4,6.2,7.7,7,6.5,5.6,8.2,6.5,8.3,7.5,8.9,6.9,5.2,8.3,5,7.21975308641975
"2024657088",NA,7.4,7,5.2,5.8,5.9,5.1,NA,7.6,8,7,7.4,7.1,5.5,8.3,8,7.5,6.7,7.5,6.4,6.7,7,5.6,7.2,8.2,8,5,5,7.5,5.2,6.7,5.1,5,5.1,7,5.9,7,8.9,5,8.3,5,6.4,5,5,5.96565656565657
"2024657089",NA,7.4,7,6,5.4,7,6,NA,9.7,8,7.7,7.5,5.2,5,8.5,8.8,8.7,5.3,8,8.4,5.3,8.3,8.1,7.4,8.7,7.6,8.5,9,8.5,9.1,7,8.2,5.4,7.2,7.6,7,5.7,5.7,6.1,9,5.5,9.2,8.2,7,7.26385542168675
"2024657102",NA,6.3,5.3,7.4,5.3,7.5,9.5,NA,7.3,10,7,7.5,7,8.7,8.1,7.7,7.3,5.8,8.2,8.1,5.8,10,7.6,6.7,8.3,8.4,6.3,7.8,10,5,5.3,7,5,7.3,7.8,7.2,7.4,8.3,6.3,9.6,5.3,5,5,5.2,7.05411764705882
"2024657103",NA,7.5,5.7,5.6,6.3,5.6,NA,NA,8.1,9,8.3,5.4,6.8,6.2,7.6,8.7,7.4,5.7,NA,7.7,5.7,7.9,8,7.6,8.5,7.8,7,NA,7.6,7.3,7.5,7.9,7,5,5.3,6.8,6.5,8,7,9.4,6.5,7.2,5.1,NA,6.89487179487179
"2025657093",NA,7.3,5.6,7.6,7,7.2,5.8,NA,6.3,7.1,7.6,5.1,6.1,9.3,7.8,8.7,7.3,6.2,9.2,6.2,6.2,6.2,7,6.7,8.1,7.3,7.6,6.1,7,5.4,5.1,7,6,6.5,6.2,6,7.1,9.1,6.7,8.1,7.4,7.9,5.1,5.6,6.42365591397849
"2025657099",NA,7.3,7.6,7.1,5.7,6,7,NA,5.6,7.8,7,7.5,6.8,6.5,8.8,8.3,6.2,7,8.2,8.4,7,8.4,7.9,7.9,8.3,9,8.4,8,7,7,5.4,6.4,7.3,5.5,9.3,7.8,6.8,7.3,6.3,8.7,7,6.1,8.8,7.8,7.14096385542169
"2026657096",NA,8.7,6.3,7,7.6,8.2,9,NA,9.2,10,7.9,8.1,7.3,8.9,8.5,9.3,7,8,8,8.3,8,8.1,7.9,7.7,8.2,8.6,7.7,6.4,7.5,9.1,8.4,8.5,7,8.6,8.8,7.6,7.7,8.9,8,8.9,6.5,7.3,8,7,8.05061728395062
"2026657099",NA,8.2,5.1,7,7.1,7.3,6.3,NA,7.5,8,8.3,5.6,7.8,7,8,7.7,8,5.9,8.4,7,5.9,7.4,8.1,5.9,8.9,7.3,6.3,7.7,7.8,7.4,6,7.8,5.8,6.2,6.6,6.6,8.3,9.5,7.9,7.7,6.5,6.5,7.1,5.8,7.21481481481481
"2026657101",NA,6.8,7.3,7.6,5,7,5,NA,8.2,8.2,7,7.3,7.5,5.7,8.6,7.7,7.1,7,8,8.3,7,9,7.9,8.3,8.4,8.6,5.8,5.3,8.8,7.1,7,7,6,7,5.6,7.5,8.9,9.2,7.2,8.4,5.3,7.2,5,5.3,6.95747126436782
"2026657102",NA,NA,5,6.7,NA,6.4,NA,NA,5,7.7,8.1,NA,5.5,8.6,NA,NA,5.9,5,NA,NA,5,5.6,7.5,NA,NA,7.6,5,NA,7.2,5,6,5.1,NA,5,NA,NA,7.6,5.8,5.4,NA,NA,5.1,NA,NA,5.49298245614035
"2085109547",NA,NA,6.1,NA,5.8,NA,NA,NA,7,NA,5.5,NA,NA,NA,NA,8.7,7.2,6.5,NA,NA,6.5,8.2,8.5,NA,NA,NA,NA,NA,7.6,5,7.4,5.4,9.6,NA,NA,NA,8.2,8,NA,NA,5,5.6,NA,NA,6.5975
"2088109536",NA,NA,NA,NA,NA,5.1,NA,NA,5.4,NA,NA,NA,NA,NA,NA,NA,NA,5,NA,NA,5,NA,NA,NA,NA,NA,NA,NA,NA,7,5,NA,NA,5.3,NA,NA,6,NA,NA,NA,NA,NA,NA,NA,4.79047619047619
"2152328891",NA,NA,6.2,6.4,6.3,5.7,NA,NA,7.7,NA,7.4,NA,NA,NA,NA,NA,7.5,8,NA,NA,8,NA,7.8,NA,NA,NA,NA,NA,7.6,8.2,6.3,NA,NA,NA,NA,NA,8.1,8.2,7.5,NA,6.2,6.2,NA,NA,7.17142857142857
"2152328893",NA,NA,7.9,7,NA,5,NA,NA,NA,NA,8.2,NA,NA,NA,NA,NA,7.8,7.4,NA,NA,7.4,NA,7.6,NA,NA,NA,NA,NA,7.4,6.6,5.7,NA,NA,NA,NA,NA,9.5,8.7,5.6,NA,NA,5.7,NA,NA,7.19655172413793
"2157328877",NA,NA,6.3,7.7,6.3,7.8,NA,NA,8.5,8.8,7.8,NA,NA,6.9,NA,8.3,7.9,7,NA,NA,7,7.7,8.7,NA,NA,NA,NA,NA,8.5,6.8,8.6,6.7,NA,7.7,NA,NA,7.9,8,7.9,NA,5.9,8.8,NA,NA,7.184
"2161328864",NA,NA,5.5,8.6,NA,6.2,NA,NA,7,9.3,7,NA,NA,NA,NA,NA,7,7.1,NA,NA,7.1,8.7,7.8,NA,NA,NA,NA,NA,7,8.2,5.2,6.4,NA,NA,NA,NA,8.1,8.2,5,NA,7,5.9,NA,NA,7.12564102564103
"2161328871",NA,NA,7.2,5,NA,5.7,NA,NA,5,NA,5.8,NA,NA,NA,NA,7.8,7.1,7,NA,NA,7,NA,8.2,NA,NA,NA,NA,NA,6.2,7.5,7,NA,NA,NA,NA,NA,7,8.6,NA,NA,5,7.7,NA,NA,6.54117647058824
"2225170822",NA,9.5,8.8,9.5,7.8,9,8.7,NA,9,9.5,7.7,8.2,8.1,9.1,8.1,9,7.9,9.2,9.3,7.7,9.2,9.4,8.8,8.9,9.3,9.5,9.9,7.6,8.3,7.7,8.9,9,9.2,9,8.6,9.2,9,9.7,7.3,8.6,8.8,9.2,9.8,9.3,8.81481481481481
"2246090305",5.5,5,7,7.3,7,7.1,5.9,6.6,6.3,8.7,9.6,5.7,5.3,7.6,7,9,6.9,7.2,7,5.4,7.2,8,8.4,5.2,5.2,7.2,7.2,NA,NA,6,7.1,7.6,6.9,7.3,5.2,6.3,6.7,7.7,5.6,7,7.3,6,5,NA,6.03775510204082
"2246090317",NA,NA,7.4,7,6.8,6.2,NA,NA,6,NA,NA,NA,NA,NA,NA,NA,7.2,5.1,NA,NA,5.1,7.8,NA,NA,NA,NA,5.1,NA,7,5,NA,7.6,8.7,NA,NA,NA,8.4,8.4,6.8,NA,5.4,5.5,NA,NA,5.72549019607843
"2261155934",7.2,5.3,7,5.3,7.6,7,7,5,7,8.5,8.3,7.8,5,7.5,7.5,8.3,8.5,7,7.3,7.4,7,7.7,7.3,5.6,5,8.5,7,5.2,8,7.9,5,7.4,7.6,6.5,8.1,6.4,7.7,7.6,7.1,7.7,5,5.2,7.1,8.3,6.78314606741573
"2262155922",6.1,6.4,7,8.1,7.6,5.4,9.5,5.4,8.2,10,6.6,6.6,5,8.3,7.7,9,9.1,7,7.5,7.9,7,7.1,8.2,7,8.2,8.5,7,5,8.7,7.9,5,7.6,7,6,5,6.7,9.4,8,6,9.3,5.8,7.3,7.2,5.1,7.05955056179775
"2263155934",7.5,6.4,8.9,7.6,8.3,7,8.2,5.1,5.7,10,7,7.6,5,9.2,8.5,8.3,7.2,7.2,6.7,8.3,7.2,9.4,8.2,7.1,5.6,6.2,7.7,6.6,7.4,7.9,6.2,8,8.4,7,5.4,6.4,7.9,7.6,7.3,9.3,5.9,7.1,6.7,5.5,7.25057471264368
"2368220984",7.7,9.5,8.8,7,8.1,9,8,NA,7.9,8.6,8.8,7.7,8.7,10,8.5,8.5,8.3,7.6,9.6,9.6,7.6,8.7,8.7,9.4,8.7,9.2,9.2,9.3,9,9,8.9,8.4,8.3,8.5,9.3,9.4,8.5,8,7.1,9.5,7,7.7,7.2,8.1,8.53373493975904
"2368220986",8,8,5.8,7.6,5.8,5.9,5.6,NA,5.8,6.5,8.3,5.7,7.8,8.5,8,9.5,8.3,7.3,7.4,7,7.3,7.1,5.5,5.6,7,7.7,9.3,5.5,7.3,5,7.7,5.6,5,5.9,5.6,8.4,7.9,7.8,7.6,6.7,5,5.7,7.1,7,6.53296703296703
"2368220988",7,9.2,7.8,7.9,7.6,8.5,7,NA,7.5,8.3,9.2,7.1,7.3,9.2,7.9,8.3,8.2,9.3,8.9,9.6,9.3,7.9,8.3,6.1,8.7,9.3,8.5,7.2,8.5,8.9,8.4,7.5,7.2,6,5.8,8.5,8.2,8.6,6.5,9.2,7.1,8.2,5.3,7.1,7.94939759036145
"2369220984",7.3,5.4,9,7.4,8.1,8.4,5.5,NA,8.8,7,9,7.3,8.2,7.2,8,8,8.8,7.1,9,9,7.1,7.1,8.7,9,8.9,8.2,8.8,7.8,9.7,9.5,7.6,9.3,6,7.1,9,8.4,8.8,8.9,8,9.5,7,9.3,7.6,7.6,8.1
"2369220988",NA,5.8,7.9,5.6,6,7.4,7.5,NA,8.2,10,7.5,6.1,5,7.3,8.6,8,9,8.7,7.7,7.4,8.7,5,7.1,6.7,8.4,8.3,8.1,5.6,9.8,8.1,7.5,7.4,5.2,6.7,6.4,8.9,7.8,5.6,6.2,8.6,5.3,7.1,8.5,7,7.19277108433735
"2369220989",7.3,7,5.4,7,6.2,5,5.1,NA,6.3,7,7.2,7.6,5.8,7.5,8.3,8.9,8.2,5.5,9.5,8.3,5.5,8.9,8.3,9.4,8.9,8.9,9.1,8,9.8,6.6,7.8,7.5,5.4,5,9.1,9.5,8.2,8.6,7.1,8.6,6.7,7.6,6.8,8.4,7.50722891566265
"2369220990",5.2,7.2,7.3,7,7.5,7.5,6.8,NA,6.7,7.6,7.7,7,7,7,8.2,8.3,7.5,8.7,7.4,7.5,8.7,9.8,8.7,8.8,8.3,9.4,7,6.4,9.3,9.5,7.1,7.4,6.4,5.1,8.5,9,8.5,8,7.5,8.9,6.4,7,7.5,8.5,7.65542168674699
"2370220983",7,9.8,8.8,7,7.5,8.5,9.3,NA,7.5,7.3,8.3,7.9,7.4,9.1,8.2,8.8,7.9,9,9.7,9.3,9,9.9,8.7,9.7,8.7,NA,9.1,7.8,7,9.6,8.5,8.2,7.9,7.6,9.7,8.8,8.8,8.9,7.3,9.4,7,8.7,8.5,8.1,8.45308641975309
"2370220986",8.3,8.7,7.6,7.6,9.1,8.6,6.7,NA,7.8,7.4,7.2,7.6,8.4,8.6,7.9,9.3,7.7,8.7,9.4,9.8,8.7,9.8,8.2,8.5,8.7,9.4,8.5,7.3,9.2,7.6,8.8,9.1,7.8,7.5,8.4,9.7,8.6,8.4,7,9.4,7.2,8.1,8.9,8.6,8.35180722891566
"2370220990",8.7,9.7,8.6,7,7.9,8.5,7.3,NA,7.7,7.6,9.3,8.2,8.2,8.6,8.5,9.5,8.5,8.9,9.4,9.9,8.9,9.8,8.7,9.5,9,9.5,9.9,8.4,9.8,9.9,9.1,9.1,7.5,8,9.6,9.5,8.5,8,8.4,9.1,8.4,9.2,8.3,9,8.74819277108434
"2371220976",5.6,7,9.2,6.3,5,6.3,7.4,NA,7,7,7.2,8.9,5.4,6.5,8.2,8.5,8.5,5.1,9.1,8.7,5.1,9.8,8.4,8.8,8.7,8.4,8.4,8.2,7.2,6.6,6.4,8.8,5,7,8.7,8.8,8.5,7,6.5,9.5,5,7,5.4,7.1,7.37710843373494
"2371220977",9.2,7.3,8,8.8,7.3,8.7,6.8,NA,5.8,7.6,7.8,6.8,7.3,8.9,8.4,8.4,8.2,7.8,8.2,8.6,7.8,9.7,8,5.4,8.7,9.5,7.8,7.9,9,6.3,8.5,8.9,7.7,6,5.1,8.6,8.3,8.2,5.7,8.6,5.3,7.9,6.2,7.1,7.72409638554217
"2371220981",7.3,7.9,8.5,7.4,7.5,7.8,6.8,NA,8.9,7.6,8,8.3,5.5,7.2,8,8,9,8.4,8.1,8.8,8.4,7.5,8.7,8.8,8.8,8.8,8.2,6.9,9.2,9.5,7.5,9.1,7.4,7.4,8.7,9.5,8.8,8.9,7.5,9.5,7,7.6,6.4,7.4,8.06506024096386
"2413276682",NA,5.3,5.2,5.6,5.4,5.5,5,NA,8.1,7.2,7.2,5.5,7.1,7.3,7.8,8.8,5.8,7,7,5,7,8.1,8.4,7.1,7.2,7,6.9,7.3,8,7.7,7.2,7.2,5.5,5.4,5,5.5,8.6,6,5.8,5.8,7.1,5.7,5.6,5.5,5.20608695652174
"2415276684",NA,5,5,9.3,7.5,7.7,6.4,NA,8.3,8,7.9,7,5.1,5.2,9.5,9.5,8.3,5.9,7.3,5.8,5.9,9.1,9.2,8.3,7.7,7.1,6.1,5.1,7,8,6.1,5.5,7.8,7.3,7.7,7,9.3,9.3,7,8.6,6.2,7,6,5.1,6.68089887640449
"2431908768",NA,6.8,7.9,8.2,7.4,8.5,8.3,5,5,10,8.7,7.1,6.4,8.5,8.6,8.8,8.2,8.7,7.2,9,8.7,8,8,5.4,8.4,9.3,8.3,6.6,9.7,7.9,8.2,8.3,5.8,7,5,8.7,7.6,8.2,7.1,9.4,7,7.7,7.2,7,7.58235294117647
"2464835910",5.6,5,7.5,8.3,7.8,7.6,7,NA,7.6,9.5,7.8,6.5,7,8.7,8.2,9.3,8.7,8.5,8.2,7,8.5,8.8,8.3,7.4,8.9,8.9,6.1,6.1,7.3,9.8,7,9.5,7.4,6.8,6.7,9.1,8.6,8.4,7.4,9.4,5.8,7.6,7.8,6.1,7.64941176470588
"2464835911",7.5,5.7,7.8,7,5.8,7,9.7,5,5.9,7.6,7.2,7,8.1,8.5,8.5,7,7.5,7.4,8.3,7,7.4,9.6,7.4,7.8,7.7,9.1,NA,NA,9,8.1,7.6,7.4,7,7,7.2,7.7,8.3,8.4,7.3,8.8,7,5.3,7.7,NA,7.21860465116279
"2464835913",8.8,5.8,5.2,7.7,5.4,7.7,5.9,NA,6.6,7,6.1,8,7.5,7,7.7,7.6,7.2,7.9,7.4,7.9,7.9,7.1,7.6,8.1,7.8,7.5,5,8.4,7.3,5,6.2,6.1,5,5.4,7.9,6.2,8.8,8.5,7,8.4,6.1,7,6.2,6,6.79775280898876
"2485054615",NA,NA,NA,NA,NA,NA,NA,NA,5,NA,NA,NA,NA,NA,NA,NA,6.5,NA,NA,NA,NA,NA,NA,NA,NA,NA,NA,NA,NA,6.3,NA,NA,NA,NA,NA,NA,NA,9.6,NA,NA,NA,NA,NA,NA,3.64761904761905
"2486054610",NA,NA,NA,5,NA,5.1,NA,NA,NA,NA,NA,NA,NA,NA,NA,NA,NA,NA,NA,NA,NA,NA,NA,NA,NA,NA,NA,NA,NA,6.3,NA,NA,NA,NA,NA,NA,8.2,7.7,NA,NA,NA,NA,NA,NA,6.57272727272727
"2487054600",NA,NA,7.5,7.4,7,7.5,NA,NA,7.7,9.8,7.2,NA,NA,8.7,NA,8.3,7.3,5.2,NA,NA,5.2,7.6,8.1,NA,NA,NA,7,NA,8.4,7.9,7.7,7,7.6,5.4,NA,NA,7.7,7.6,6.6,NA,5.4,7,5.8,NA,6.98518518518518
"2488054597",7.9,NA,9.3,7.7,8.5,8.8,NA,7.2,7.8,10,9.7,7,7.2,8.1,7.9,9,9,7.6,7,7,7.6,9.5,8.7,8.7,6.5,9.2,8.5,7,9.4,8.6,8.4,8.2,8.3,5,9,7.3,8,8.2,8.7,8.7,8.6,8.8,7.7,8.3,8.17037037037037
"2719049478",5,8.3,7.4,7,6.2,6,6.3,6.4,5.4,8.3,7.9,7,5.6,9.3,6.1,7.5,7,5,7.7,8.1,5,7.8,8.3,5,7.4,7,7.4,5,7.3,5.4,5.6,5.2,7,5.7,5,7.5,7.2,8,5,7.5,7,7,7,7.3,6.24226804123711
"2720049487",5.5,6.8,7,6,7.1,6.5,7.2,5.4,5,8,8.5,7,7.2,8,7.2,8.2,7.6,7.5,5.2,7.7,7.5,10,8.3,7,7.3,7.1,5.1,5.4,8.5,5.4,5,7,7.8,5.8,7,7,8.8,9.5,7,8.9,7.6,5.2,6.5,7,6.97126436781609
"2767417979",NA,NA,NA,NA,NA,NA,NA,NA,NA,NA,NA,NA,NA,NA,NA,NA,7.3,6.3,NA,NA,6.3,NA,NA,NA,NA,NA,NA,NA,NA,NA,NA,NA,NA,NA,NA,NA,8,8.6,NA,NA,NA,NA,NA,NA,7.53
"2823231342",NA,NA,NA,5.8,NA,NA,NA,NA,NA,NA,NA,NA,NA,NA,NA,NA,5.7,NA,NA,NA,NA,NA,NA,NA,NA,NA,NA,NA,NA,5.7,NA,NA,NA,NA,NA,NA,NA,NA,NA,NA,NA,NA,NA,NA,5.73333333333333
"2835012944",9,8.3,8,8.4,7.6,8.9,6.7,NA,8.7,8,7.1,7.9,7.2,5.6,8.4,9.3,8.9,7,8.2,7.7,7,8.7,8.2,8.2,8.9,7.9,9.1,7.9,9.1,8,10,8,9.3,7,9.1,7,8.4,8.8,6.3,8.6,7.3,7.4,8.5,7,8.07831325301205
"2835012945",NA,7.1,7,6.7,7,7.3,6.3,NA,8.8,7.5,7.8,5.6,7,7,8.1,8.3,8.1,7.1,8,6.2,7.1,8.9,8.4,6,7.7,8.8,7,7.5,7.5,7.5,6.4,7.6,7,7.3,6,7,8.5,8.5,7,8.4,7.5,5,5.7,7.3,7.18072289156626
"2835012952",NA,8.9,6.3,7.4,6.6,8.3,7.5,NA,7,9.5,6.1,5.6,7.3,5.6,7.7,8.8,7,7,8.3,5,7,7.5,8.6,5,7,7.9,9.1,6.3,8.5,8.2,7,7,7.9,5.2,6.7,5,8.2,8,7,8.7,8.2,5,7.6,7.6,6.99294117647059
"2835012955",NA,8.5,8.3,7,5.3,5.5,NA,NA,8.4,8,6.3,7.2,7.5,7.1,7.5,8.3,9.3,5,NA,7.4,5,9,8.1,9.3,8.3,8,NA,NA,7,7,7.8,9.4,NA,7,8,7.3,8.1,8,8.6,6.5,8,7.2,5.3,NA,7.33888888888889
"2835012957",NA,8.9,7,6.5,5,5.1,6.3,NA,8.5,8.8,7.7,7.8,5.6,8.5,8.5,7.5,7,5,9,7.7,5,8.1,7.3,7.5,8.2,7.3,7.7,7,8.5,7,7.5,7.8,6.2,7,7.7,5.4,8.5,7.4,6.2,8.8,5,7.2,7,7,6.3221052631579
"2835012958",NA,9.5,7.8,7.9,7.5,8.9,7.8,NA,9.5,9,8.9,9.4,5.4,6.4,8,9.3,9.4,8.9,9.2,9.3,8.9,8,8.9,9.3,8.2,8.3,9.7,9.2,8.8,9,8.8,8.2,9.1,8.6,9.2,8.4,9.1,9,9.1,8.6,8.7,9.3,7.1,9.3,8.62222222222222
"2835012959",6.8,8.5,5,7.1,7.1,7.5,6.3,NA,7.4,8,6.5,5.8,5,5,8,8.5,7.7,7.3,7.6,7.5,7.3,8.6,8.5,7,9.2,6.2,7.1,5.6,5.2,7.1,5,7.2,6.2,5,7,5.7,8.4,8.8,5,7.5,6.8,5,5.2,5.4,6.48461538461538
"2836012946",NA,9,7,7.4,6.4,8.8,7,NA,8,10,8.4,7.3,6.4,10,8.4,8.5,7.9,7.5,8.6,7.1,7.5,8.7,8.5,7.6,8.2,7,8.4,7.8,7.8,7.3,8.8,9.4,9.1,8,5.7,5.8,8.6,8.2,7.5,7.5,7.6,7,7.7,7.8,7.88024691358025
"2836012952",7,7.8,5.5,8.4,8.2,8.9,7.2,NA,9.4,8,7.1,8.5,7.6,5.6,8.3,8.8,8.3,7,8.1,8,7,8.8,8.2,7.6,8.2,8.7,7.7,7.6,9.4,7.3,6.1,7.8,9.2,7.2,9,7.6,8.9,9,7,8.1,8.2,8.3,7.6,7.3,7.91204819277108
"2836012953",NA,7.2,7.1,8.2,7,8,7.9,NA,8.3,9,9,9,8.5,6.2,8.7,9,8.8,7.6,8.8,9.1,7.6,8.5,8.4,9.1,8,8,7.6,9,9,8.3,8.7,7.9,8.7,8.3,8.7,8.7,8.9,9.1,8,7.1,7.3,8.1,9.3,8.2,7.99882352941176
"2836012959",NA,7.9,7.5,7.4,7,7.9,5.8,NA,9.1,9,7.4,8.1,7.5,7.8,7.5,8.7,9.3,7,9,7.8,7,9.4,8.6,9,8.5,8.3,10,8.1,9.2,7,7.9,9.3,9.4,7.6,8.2,7,8.2,8.1,7.8,8,8.7,7.5,9.6,7.8,8.14567901234568
"2837012955",9.2,8.7,7,8.1,8.4,8.1,8.5,NA,9,8,7.2,7.1,7.1,6.9,7.4,9.3,8.5,5,8.4,7,5,9.2,8.5,6.2,8.8,7.6,9.4,8.1,8.5,8.5,9.3,8,8.7,7.3,6.9,7,8.6,8.8,7,7.8,8.3,7.1,7,7,7.87951807228916
"2837012957",NA,NA,5.4,6.8,5.1,5.1,NA,NA,6.2,9,7.7,5.7,5,6,7.1,8.8,5,7,NA,5,7,8.4,8,NA,7,7.3,5,NA,9,5.6,7,5.9,7.1,NA,NA,5.6,8.3,8.9,5.4,7.5,8.5,5,6.4,5,5.61724137931034
"2837012958",NA,7.9,6.1,8.4,7,7.1,5.5,NA,8,9,7.6,7.2,7,6,8.3,8.8,8.8,7.3,8.4,7,7.3,8.7,8.9,7.9,8.8,7,9.2,6.6,7.5,8.2,6.3,8.2,9.6,6.6,7,7,8.4,8.8,5.5,7.3,7.8,8.2,7.6,7.2,7.55180722891566
"2837012959",NA,7.6,5.2,6.9,5.6,5.7,7.3,NA,7.7,7.8,7.1,7.2,7,5.2,7.3,9,5.6,5,8,7.5,5,9.1,8.1,7,8.2,7.7,8.6,5.3,8,6.9,6.6,8.1,7.8,7.1,7.4,8.7,8.1,8,7.9,9.3,8,5,5,5.2,6.95411764705882
"2838012944",NA,9.2,8,8.8,9.3,8.9,7.1,NA,10,10,8.7,8.8,7.5,8,8.1,9.3,9.6,9.7,9.8,8.5,9.7,10,8.9,8.6,8.5,8.3,9.9,9.8,9.8,9,7.8,10,9.3,8.6,8.9,8.7,9.1,8.8,8.9,8.8,8.8,9.3,9.8,7.2,8.95432098765432
"2838012946",NA,NA,7,8.6,7.4,8.3,7.6,NA,7.4,5.4,8.2,8.4,5.5,10,8.6,8.8,7.9,7.2,8.8,8,7.2,8.7,8.2,8,8.9,7.4,8.8,8,9.6,7.2,8.6,9,8.9,8.2,8.6,7.2,8,9.1,7,8.3,8.5,7.8,8,7,8.05696202531646
"2838012947",NA,7.5,8.1,7.1,5,5.9,6.9,NA,5.5,9.5,7.6,7.2,7,5,7.2,8.8,7.8,7,7,7.1,7,9.3,8.1,7.7,8.2,8.4,7,7.7,8.7,5.2,5.6,7,8.2,7.5,8.2,7.9,8.1,8,8.6,7.8,7.1,5.5,7,8.3,5.66017699115044
"2838012949",NA,7.5,5.1,6.8,7.5,7.8,7.6,NA,9.6,8.5,7.8,7.2,7,5,8.8,9,7.7,7.6,7.9,7.1,7.6,8.3,8.5,7,7.7,7,8,6.8,6,7.5,7.2,8.6,8.5,6.9,8,7.3,8.7,8.1,8,8.7,8.5,7.4,8,9,7.5710843373494
"2838012951",NA,8.3,8.2,7.5,8.1,7.8,7.5,NA,9.4,9.5,7.6,7.2,6,9,9.2,9,8.5,7.3,8.8,7.4,7.3,8.8,8.5,8.8,7.9,7.1,9.4,6,9.5,7.2,8.8,9.2,9.2,8.1,8.1,7,8.6,8.7,7.8,9.1,8.7,9.1,6.9,7.2,8.18888888888889
"2838012952",NA,6.5,5.8,5.3,5.6,5.6,5.6,NA,7.6,7.6,8.2,5,5.4,5.2,8.4,7.9,5.2,5.9,6.5,5.7,5.9,7.6,8.1,5.7,7.8,7.6,5,5.9,5.1,7,5.2,5.2,5.5,5,5.7,7,7,7.1,7,8.1,6.6,5,6.7,5.3,5.35673076923077
"2838012953",NA,8.4,6.9,8.7,8.1,7.7,6.7,NA,7.6,8,6.9,7.5,7.4,8.4,7.7,9,8.3,7.6,7.7,7,7.6,9.2,8.5,6,8.5,7.1,7.8,7.2,5.2,8.2,9.2,9.5,9,6.6,7.1,6.3,8.6,8.5,8,8.3,8.8,7,7.2,5.6,7.74074074074074
"2970470285",6.7,5.6,7.6,7.8,6.4,5,5.6,5.9,7,9.7,6.8,7,7.4,7.7,7.7,8.4,7.8,5.3,8.4,5,5.1,5,8.6,7.7,7,6.7,5.8,6.8,8.2,6,8.6,6.6,7,5.2,7,7.4,6,8.9,7.7,8.4,5.2,7,7.6,5.9,6.7314606741573
"2971470279",7,6.9,7.5,7.7,5.7,5.9,7.2,5.1,7.1,9.7,7.4,5.1,8.8,5,7.1,8.5,7.5,5.5,8.7,7.6,5.5,7.9,8.7,8.4,7.6,NA,7.1,NA,7,5.6,7,5.8,7.7,7,8.2,8.5,7.9,8,5.4,NA,5,6.7,6.8,8,6.33655913978495
"297835329",NA,7.2,8.33,7.6,7,8.4,8.3,NA,8.5,8,8.2,8.3,7.6,8.8,8.6,8.5,8.9,8.5,9.2,9.9,8.5,9,8.8,8,9.3,8.6,10,8.2,9.7,8.5,7,8.8,8.8,7.8,8.6,9.5,9.2,8.8,7.7,9.6,8.4,9.2,7.5,8.2,8.51679012345679
"297835330",NA,7.1,7,5.4,5.5,7.2,6.7,NA,7.2,7,8.4,7.7,6.1,8.5,8,9.4,7.5,6.9,8.9,8.1,6.9,5.1,7.9,5.5,8.3,9,8.5,7,9.5,8.2,5.6,5.4,7,5.4,6,7,7.7,8.9,7.3,8.4,7,7.1,7.4,7.3,7.19759036144578
"297835332",NA,7.3,7.2,6.6,5.4,7.1,7.3,NA,8,8.2,8.3,6.8,6.4,7.5,8.5,8.8,7.7,7,7.5,9.4,7,8.6,8,7.5,9.5,8.1,8.3,7.1,5.1,7.4,5,7.5,5.4,6.6,8.3,7.5,7,7.6,6.3,8.1,7.3,5,7,5.4,7.20963855421687
"297835333",NA,7,5.1,6.3,5.3,7,5.8,NA,7.4,7.5,7.2,7.4,5.5,8.3,7.7,7.8,7.2,6.1,7.7,9.7,6.1,8,8.1,7,9.3,8.3,7.9,7.3,7,7.8,5.3,7.6,6.7,7.7,7,8.1,7.3,8.5,7,7.5,6.4,5.7,7.6,7,7.20864197530864
"297835335",6.8,6.8,5.9,6.4,6.9,6,5.3,NA,5.9,8.6,9.5,7.7,6.4,5.9,8.2,9.2,7.3,7,8.2,8.3,7,8.2,8.2,7.5,8.8,8.6,8.6,6.6,9.5,7.2,5.4,8.5,7,5.6,5.7,7,6.8,6.4,7.5,8.7,7.1,8.5,6.6,6.4,7.26506024096386
"297835336",NA,8.7,7.3,8.7,8.1,8,9.5,NA,9.7,10,9,8.2,8.3,9.5,8.5,9.5,7.5,9.8,8.9,9.7,9.8,8.8,9.1,9.3,8.8,8.6,10,8.4,9.2,8,8.6,8.6,9,9.5,8.7,8.7,8.5,9.5,8.4,9.4,8.3,9.3,8.1,8,8.84074074074074
"297835337",7.2,7.5,7,7.1,7.8,7.2,7.2,NA,7.9,NA,8.9,7.4,6.6,8,8.7,8.8,7.8,8.6,8.1,9.7,8.6,7.7,8.8,8.1,8.8,8.6,8.4,8.7,8.6,8.1,7.8,8.2,6.4,6.9,8.4,7.8,9.2,8,6.3,8.2,7.9,7.2,9,7,7.94074074074074
"3021863366",7.3,9.7,10,7.6,8.3,7.6,9.3,NA,8.7,7.1,7.7,7.6,7.5,9.4,7.8,8.5,8.8,8,8.8,8.4,8,8.8,9,9.9,9.3,7.8,8.9,9.7,8,7,7,7.9,7.3,7.7,9.8,8.8,8.8,8.3,7,8.6,8.5,8.5,8.4,8.8,8.35903614457831
"3042853288",8.2,5,7.3,7.8,NA,7.3,7.4,8.1,8.2,10,9.8,6.8,8.4,9.8,8.9,8.7,NA,7,8.7,8.4,7,8.8,8.4,7.2,9,7.1,8.5,7.6,9.5,7,8.7,8.7,8.2,6.2,7.5,8.8,9.3,10,7.9,8.4,7.7,NA,8.1,8.6,8.04814814814815
"3042853293",8.2,5.8,NA,7.6,8.2,7.2,5,5,8.8,8.7,9.8,8.5,5.3,7.8,7.3,9.5,NA,7,7.2,9.8,7,9.9,8.8,9,9.2,7,8.9,8.4,7,7,7.8,8.3,9.3,7,8,8.6,9.3,8.3,7.3,8.9,8.4,7.2,8.7,7.5,7.9320987654321
"3043853284",7.3,5,8.7,7.8,6.9,7.2,5.2,7.3,7.5,8.4,8.6,6.1,5.2,8.7,8.4,8.8,8,7.5,7.2,9.5,7.5,9.5,8.4,7.8,8.6,7.1,6.1,5.1,7.9,6.4,7.1,7.5,7,5,7,7.4,9.2,10,8.9,9,7.1,8.3,5.4,7.3,7.38390804597701
"3043853288",NA,NA,5.7,9.4,8.2,8,NA,NA,6.4,8.3,7.5,NA,NA,NA,NA,8.7,8,7,NA,NA,7,8.8,8.9,NA,NA,NA,NA,NA,NA,8.8,6.5,7,NA,5,NA,NA,9.9,9.4,7.8,NA,NA,5.8,NA,NA,7.725
"3043853294",NA,NA,NA,5,NA,NA,NA,NA,5.1,NA,5.7,NA,NA,NA,NA,NA,7,5.8,NA,NA,5.8,NA,7.2,NA,NA,NA,NA,NA,NA,7.2,5.3,NA,NA,5.9,NA,NA,8.2,7,6,NA,NA,NA,NA,NA,4.70285714285714
"3045853283",5,6.6,8.2,7.8,7,6,7,6.2,7.2,9.3,9.5,6.9,5,9.2,7.8,8.7,8.9,7,7.6,9.3,7,8.7,8.1,7.8,9.4,7,7.2,5.2,9.6,6.4,7.4,8.4,8.4,5.4,8.3,9.1,9.3,10,7.9,8.9,5.6,6.1,8,7.9,7.59655172413793
"3045853285",5.6,5,7.9,NA,6.5,6.2,5,5.3,8.3,9.8,9.2,7,7.1,9.2,8,8.8,9.3,7.1,7.4,8.3,7.1,8.1,8.2,8.1,7.5,7.2,8.1,7,8.2,NA,7.1,7,7.5,5.9,7.8,6.7,8.9,7.7,8,8.9,6.6,8,6,5.9,7.26705882352941
"3045853287",7.2,7.7,8.7,8.7,7.9,7,7.2,5,8.7,7.2,8.4,7.6,7.3,8.5,7.7,8.8,8.1,7.8,7.9,9.2,7.8,9.6,9.6,8.4,8.9,7.7,8.2,5,7.8,7.3,9.1,7.8,8.8,7.4,8.3,8.3,9.3,8.1,9.5,8.6,7.9,7.7,8.1,8.4,8.02235294117647
"3046853293",5.7,7,7.3,8.6,6.6,7,7,5,7.7,9.7,7,6.5,7,8.2,7,8,7.8,7,7.9,8.8,7,7.8,7.7,6.4,7.1,5.2,5.8,5.1,7,6.6,5.5,7.4,7,7,5.4,6.4,6.6,7.6,5.4,7,5,6.2,7.6,7.1,6.79080459770115
"3050288417",6,8,5.1,8.9,8.5,8.5,7,NA,7,8,9.5,7.2,5.4,7.4,8.8,9.5,7.2,5.7,9.7,9.3,5.7,9.3,8.3,9.1,9,9.6,9.4,7.4,9.8,6.7,5.6,8.3,6.6,7.1,9,9.6,7.9,6.3,6.5,9.5,5.5,6.7,6,7,7.60705882352941
"3097031117",NA,NA,NA,5.8,NA,NA,NA,NA,5.2,NA,8.4,NA,NA,NA,NA,NA,7.1,5.2,NA,NA,5.2,NA,NA,NA,NA,NA,NA,NA,NA,NA,7,NA,NA,NA,NA,NA,8.2,8,5,NA,NA,NA,NA,NA,6.65
"310621860",NA,NA,5.3,8.4,NA,6.3,NA,5,5.9,NA,8.5,5,NA,8.9,NA,NA,7,6.2,NA,5.8,6.2,7.8,8,NA,NA,NA,7.2,NA,8.1,7.1,7.3,8.8,6.3,6.9,NA,NA,9,8.3,5,NA,NA,5.7,NA,NA,5.64626865671642
"310621861",9.3,8.6,8.7,8.7,6,7.7,8.7,8.4,7.9,8,8.5,8.4,7.9,9.4,7.8,9.4,8.3,8.9,9.1,9.4,8.9,8.8,8.7,8.6,9.4,10,10,8.3,9.5,7.8,9,8.2,6.8,7.2,9,8.8,8.5,8.4,8.5,8.4,7.8,8,7.8,8.2,8.47764705882353
"310621864",7,7,7.7,7.1,7.2,7,6.1,5,6.5,9.8,7.4,5.3,8.3,7.5,8.6,8.4,8.2,7.4,8.3,7.1,7.4,7.7,9,5.9,9,8.6,6.1,5.3,8.5,8,7.6,7,7,5,7.4,7.6,8.2,8.9,7,9.1,6.5,7.8,6,7.2,7.3
"310621865",NA,NA,NA,NA,NA,NA,NA,NA,7.4,NA,NA,NA,NA,6.3,NA,8.3,7.1,8.5,NA,NA,8.5,6,7.3,NA,NA,NA,NA,NA,NA,7.8,7,6.3,NA,NA,NA,NA,6.8,6.4,5.8,NA,NA,5.3,NA,NA,6.15588235294118
"310621867",7.6,8.9,7.2,7.1,7.4,6,6.7,5.1,5.6,8.2,8.1,7.4,7,8.4,8.7,8.3,8,6.3,8.3,8,6.3,7.6,9.8,7,9.4,9.3,7,5.4,9,7.5,6.1,7.7,5.4,6.8,7.4,7.9,8.5,8.5,6.8,8.4,7,5.2,6.3,7.4,7.20786516853933
"310621869",8.2,8.5,8.1,8.4,9,7.8,8.2,7,7.3,8,9.3,7.2,8.4,9.4,8.4,8.4,7.5,7.2,8.4,9.3,7.2,9.6,8.7,8.5,9.3,9.6,8.7,9.3,8.7,8.8,7,7.4,6.1,7,8.8,8.9,9,8.7,7.2,9.1,7,7.1,7.8,9.6,8.24705882352941
"310621870",8,7.1,7,7,8.3,7.2,7,9,7.2,8,9,6.9,7,8,8.6,8.3,8.1,7.5,8.2,8.4,7.5,8.8,9.2,8,9.3,9.6,8.5,6.8,9,8.2,7.3,9.2,7.5,7.4,8.4,8.8,8.2,8.9,8,9.5,7.4,7,8.5,8.3,7.9632183908046
"3106779865",7,7.6,8.2,7,5.2,6.9,6.8,NA,6.8,7.5,7.2,6,5,7.1,7.6,8.8,8.5,6.2,8,6,6.2,7.9,7.6,7.8,8.4,8.8,7.8,6.9,NA,6.5,5.4,6.3,5.8,5,7.3,8.9,NA,7.8,6.1,7.5,5.3,7.3,6.5,8.5,6.36847826086956
"3106779867",7,10,7.8,7.6,7,7,NA,NA,7.3,9.7,7,7.1,7.7,8.1,8.3,8.8,7.5,5,9,8.2,5,7.2,7.8,9.4,9.7,10,8.5,6.8,9.5,7.4,7.3,8.4,5.6,6.1,9,9.7,9,8.5,7.1,9.4,5.5,7.3,7.7,7,7.87530864197531
"3107779858",NA,NA,NA,6.3,NA,7,NA,NA,8.5,NA,NA,NA,NA,NA,NA,NA,8.2,7,NA,NA,7,NA,8.4,NA,NA,NA,NA,NA,NA,7.5,NA,NA,NA,NA,NA,NA,7.6,5.8,7,NA,NA,7.3,NA,NA,7.2
"3107779865",NA,NA,NA,5.1,NA,NA,NA,NA,NA,NA,NA,NA,NA,NA,NA,NA,NA,NA,NA,NA,NA,NA,NA,NA,NA,NA,NA,NA,NA,NA,NA,NA,NA,NA,NA,NA,NA,NA,NA,NA,NA,NA,NA,NA,5.1
"3108779864",7.7,7,6.4,6.8,6.2,7.2,7.7,NA,6.2,8.5,7.8,5.7,7.7,9.3,8.4,9.2,8.5,8.2,7.6,8.5,8.2,7.3,7.3,5.4,9.6,9,7,5,8.3,9.3,7.3,10,6.2,8.7,5,8.5,8.7,8.5,7,9.2,7.3,7.5,7.7,5.3,7.53529411764706
"3108779865",6.1,7.8,7.6,7.9,7.1,7.8,7.2,5,7.9,9.2,8.5,6.1,7.7,7.8,8.1,9,7.5,8.1,8.4,7,8.1,9.7,9.8,8.3,9.6,8.5,7.2,7.4,7.8,7.4,7.2,7.9,6.9,5,7.7,9,8.8,9,7.6,8.7,7.2,7,6,7.4,7.72588235294118
"3108779866",6.5,9.3,5.4,7.8,7.4,7,7.8,NA,6.8,9.7,9.2,6.4,7,8.7,7.6,8.2,7.8,7.4,8.1,7.3,7.4,7.1,7.7,7.5,9,10,7.6,6.2,8.3,8.8,7.2,8.5,6.5,7,7,8,7.9,8.6,7.1,8.6,5.5,6.2,5,7.1,7.57349397590361
"3108779868",8,8.3,7,7.4,5.6,5.3,7.5,5.2,5.1,9.4,7.7,7.6,7.1,8.5,7.8,9.3,7.6,5,8,5.3,5,8,9.7,8.4,8.9,7,8.8,6.7,8.6,6.4,5.6,8.4,5.3,6.4,8,8.6,8.3,9.6,7.6,8.6,5.3,5.4,7,6.8,6.57857142857143
"3108779869",6.6,7.1,5.3,7.5,6.1,6.4,8,8.2,6,7.6,7,5.5,7,9.1,7.9,8.9,8.1,6.1,8.2,7.7,6.1,8.8,7.2,5,8.9,7.8,8,7,8.7,6.4,8.2,9,7,5,5,7.8,8.1,9.1,7.4,8,5.9,7,5.5,8.2,7.10224719101124
"3108779870",7.3,7.6,7.8,7.7,5.8,5.8,8.2,NA,7,8,7.5,6.3,7,8.3,8.4,9.6,9,7.5,7.9,8.5,7.5,9.7,7.3,8.3,9.4,10,7.2,5.9,8.6,6.4,8.4,8.3,7.1,7.5,8.7,8.5,9.1,9.1,7.1,7.9,7.1,7.9,6.7,8.2,7.65862068965517
"3108779871",7.5,8.9,7.8,9.4,7.1,5.5,8.4,7,8.1,8.6,7.6,5.8,7,8.9,8.4,9.7,8,7.4,9.6,7,7.4,7.6,7.6,9.7,9.6,10,5.6,6.8,8.1,7.5,6.5,6.6,6,5.4,9.3,8.5,8.5,8.4,8.3,8.7,7,5.9,6.7,9.1,6.13451327433628
"3109779857",7.4,NA,6.2,6.1,7.1,6.4,NA,NA,5.9,9.7,7.5,5,7.3,7.7,7.5,8.4,7.7,7.5,7.1,8.1,7.5,7.5,7.7,6.2,8.5,8,8,5.6,8.7,8.3,7.5,8.7,5.4,7.3,6,6.3,8.9,8.3,7.1,8.4,6.3,7.1,6.2,7.2,7.29240506329114
"3109779860",7.3,7.1,5.2,9.7,7.9,6.4,7.3,7.2,5.8,10,8.4,5.8,7,7.9,8.4,9.8,8.5,7.6,7.7,7.5,7.6,8.5,8.4,5.8,9.2,8.3,7,6.5,8.3,7.4,7.1,9.7,7.4,6.1,7,7.4,8,8.6,7.8,7.6,6.5,7.5,6.1,7.7,7.08315789473684
"3109779863",5.5,8.1,7.3,7.7,7.8,7,7.3,NA,7,9.7,8.2,8.2,5.8,9.1,8,9,8.7,7,8.5,8.7,7,7.5,9.8,8.7,9.4,10,7.7,6.7,8.3,7.4,7.4,7.2,6.6,7.4,8.5,9.2,8.8,9,7.7,8.4,6.4,6.5,8.2,7.8,7.65747126436782
"311621863",7.6,7.8,7.8,7.6,7,8.2,7.2,5.7,7,9.8,7.6,7,7,8.5,7,8.8,8.7,5.7,8.8,8.3,5.7,7.4,8.6,9.3,8.8,9.2,7,6.1,7,7.1,7.4,7,5,5.4,7,8.1,8.2,8.5,8.4,8.2,7.5,7,5.7,6.8,7.50117647058824
"311621865",8.9,8.7,9.2,9.4,8.9,8.5,7,7.5,7.7,7.6,9,8,7.5,8.8,8.5,8.5,9.2,7.9,9.3,9.8,7.9,9.5,8.9,8.7,9.7,9.6,8,7.6,10,9,9,9.7,6.7,7,8.6,9.4,9.9,9.4,8.1,9.5,8.1,8,9.1,9.5,8.66117647058824
"311621866",7.7,8.4,5.4,7,5.1,5.2,5.1,5.6,6.2,8.3,6,6.1,7,5,8.4,8.3,7.2,7.1,8.4,8,7.1,9,7.5,8.2,9.1,9.6,7.2,7,7,6.6,8.7,7,6.2,5.9,7.8,7.3,8.5,8.5,5.8,7.6,5.6,7,6.3,8,6.84395604395604
"311621867",7.3,7.2,7.7,7.6,7.1,7.7,5.8,6.4,8.1,9.8,8.8,5.6,7,7,8.5,8.5,7.9,8.2,8.2,8.3,8.2,8,8.5,7.2,9.2,9.3,10,5.5,8,8,7.7,8.8,8.1,6.6,7.8,8,9,8.7,8.2,8.9,6.7,7.4,5.4,7.8,7.72068965517241
"311621868",7.5,8.2,7.7,9.6,8.1,7.9,8.3,5.1,7.4,10,8.7,5,7,7.9,9,9.3,8.7,7,9.1,7.6,7,8.8,8.9,5.6,9.3,9.6,8.5,8.8,10,8.8,10,9.1,7.2,5,7,7.1,9.9,9.5,7.6,8.6,6,7,6,6.4,7.99411764705882
"311621869",7,8,8.9,7.6,9,7.6,7.8,6.3,7.2,9.8,8.6,7.2,8.6,8.1,8.4,8.5,9,8.2,9.8,9.1,8.2,9.9,9,9.1,9.2,9.2,9.2,8.1,8,8,8.2,7.9,9.5,6,7.6,8.1,8.2,8.9,8.5,9.2,7.3,8.3,7.1,8.3,8.30941176470588
"311621871",8.1,7.1,7.7,9.7,7,5.9,5.3,5,7.3,8.8,8.9,5.2,7,7.5,8.7,9,7.5,7,8,9.1,7,9.8,8,7.8,9.2,9.5,7,6.5,7,8.5,6.2,9.3,6.5,5,9.1,8.1,8.5,8.5,7.3,8.4,6,7.6,5.1,8.2,7.43483146067416
"312621857",10,8.4,9.5,8.5,7,8.3,7.2,5.8,7.8,9.8,9.3,7.4,7,7.5,8.7,8.9,7.9,8.4,8.1,9.4,8.4,9.8,8.7,9.6,9.3,9.5,10,9.6,8,7.8,8.2,9.4,7.9,7.3,8.9,9,9.2,9.4,8.3,9.8,7.6,8.3,7.2,8.8,8.52235294117647
"312621858",6.8,7.6,7.5,8.4,8.4,7.1,6.1,5,7.5,9.8,8.8,6,7.3,8,8.4,8.9,8.4,7.6,8.8,7.8,7.6,8.9,8.7,7.6,9.2,9.8,9.2,7,9.5,8.2,8.1,7.9,8.5,6.1,8,8.8,9.2,9.4,8.7,9.6,7.3,9,9.8,7.4,8.03218390804598
"312621862",9,10,9.5,9.5,8.8,8.9,8.6,8.7,9.6,7.3,10,8.3,8.6,9.4,8.8,8.3,9.3,8.6,9.6,9.7,8.6,9.3,9.2,8.3,9.7,9.8,10,8.8,9.5,8.2,10,9,8.2,8.2,7.9,9.5,10,10,9.4,9.4,9,9.7,7.6,9.2,9.09058823529412
"312621863",8,8.8,7.2,8.5,6.4,6.7,7.3,5.7,7.4,7,8.8,7.1,7,9.2,7.9,9.4,8.2,7.5,9,5.5,7.5,8.3,8.7,7,9.2,9.6,8.2,5.4,8.5,7.8,8.1,8,5,6.3,7.7,7.4,8.5,8.4,6.9,8.1,7.1,6.3,7.2,7,7.59294117647059
"313621856",8.2,9.3,7.3,9.5,9.5,8.2,7.5,6.5,8.5,9.6,8.8,7.1,7.4,9.5,8.3,9.3,9.2,7.6,9.2,8.8,7.6,8.6,8.3,8.6,9.4,9.4,8.4,8.4,7.7,8,10,9.2,6.2,7.2,8.1,9.1,10,10,8.8,9.8,8.3,7.4,8.4,7.9,8.53058823529412
"313621857",5,6.4,7.1,7.3,6.8,7.3,7.2,5.2,7,9.8,8.4,5.3,7,8.1,8.7,9,8.8,7,8.9,8.5,7,8.1,9.4,8,9.1,9.1,5.6,7,8.7,8.8,6.8,6.5,9.4,8.2,8.2,8.6,8.7,8.2,7.2,8.5,7,6.1,5,8.6,7.2258064516129
"313621860",NA,NA,7.9,8.7,8.8,7.9,NA,NA,7.1,7,9.2,7.1,NA,7.3,8.1,8.8,7.9,6.1,8.1,8.9,6.1,9.3,9.8,9.4,8.5,NA,8.5,6.5,9,7.8,8.4,8.4,6.4,NA,8.4,8.9,9.2,9.4,7.8,8.7,7.8,8.4,6.2,8.6,8.12535211267606
"313621861",7.8,7.7,8.6,9.3,8.6,8.5,7.5,8,7.3,9.8,7.3,7.5,7,8.1,8,9.3,8,7,8.5,9.1,7,9.7,8.3,7.8,9.3,9.5,9,8.1,7,7.1,9.3,8.9,7.8,7,8.6,9.3,9,8.7,8.2,9.8,7,7.9,8.4,7.7,8.27058823529412
"313621863",8.5,7.6,8,NA,9.3,7.5,8.6,7.5,7,9.8,9.1,7.4,7,8.9,8,8,NA,7,9.5,7.5,7,9.4,9.7,8.6,9.7,9.6,8.1,9.2,9,NA,8.1,9.9,7.8,7.8,8.6,8,NA,8.5,7,9.8,7.9,9,8.6,8.7,8.40909090909091
"313621868",7,9.4,8.1,7.1,7.8,5.3,6.1,5.6,7,9.8,7.1,7.1,7.3,5.3,8,9.5,8.1,8.5,9.3,8.9,8.5,8.6,8.3,9.3,9.6,9.2,7.3,8.2,7.5,7.1,7.7,7.1,9,5.8,9.1,9,7.9,8.3,7.5,9.7,6.5,7,6.1,8.5,7.80823529411765
"3155749696",NA,6.1,6.2,6.6,7,8.7,5.3,NA,8.7,9.5,7.4,7.5,5,7.4,7.3,8.7,7.6,9.2,8,7.8,9.2,7.6,7.7,5.6,5.5,7.3,9,6.2,7,7,8,7.5,8.6,5.6,5,5.6,6,6.3,7.9,7.8,8.4,7.2,6.3,6.4,6.79887640449438
"3155749697",NA,7.4,5.9,8.5,5,7.4,5,NA,8.1,7.4,8.2,5.3,5.9,7,7.6,8.5,6.8,5.5,7.7,7,5.5,8.5,8.6,7.2,7.8,7,6.1,5.7,8.7,7,7.7,7,6.4,5.2,6.6,7.2,8.2,8.5,5.2,8.2,7.1,5,6.2,5.8,6.65402298850575
"3155749701",NA,7,6.6,7.6,6.5,5.1,6.4,NA,8,8,6.9,7.3,5.7,7.3,7,7.3,8.1,7.7,7.6,7,7.7,7.9,8.6,8.9,5.2,7.5,7.3,7.2,7,7.7,7.6,7.6,8.7,6.3,6,5.9,8.2,7.6,5.5,8,8.2,7,5.7,6.4,6.89655172413793
"3156749696",NA,5.6,5,8.6,7.4,7.9,5,NA,7.1,7.7,8.4,7,7,7.3,9.1,8.3,7.1,7.2,8.3,7.9,7.2,7.6,8.4,8.1,8.9,7.4,5,6.5,9.8,7.25,8,7.8,7.9,5.9,7.2,8.4,8.6,8.2,7,9.5,7.6,7.3,5,5.6,7.15764705882353
"3156749697",NA,7,5.2,8.2,7.2,7.5,5.8,NA,8.7,7.1,7.6,7,5.3,7,7,8,7.8,7.9,8.5,7,7.9,8.4,8.4,8,8.1,7,7,6.3,9.7,8,8.7,8.5,7.2,8.8,7.7,7.6,8.6,8.1,7.1,8.3,7.4,8,7,5.3,7.31647058823529
"3156749710",NA,6.4,5.6,6,5.4,5.8,5.4,NA,8.9,8.4,8.4,5.1,7,6.2,7,9,7.8,7.1,5.8,7.2,7.1,8.8,8.2,8,7.2,6.5,7.7,6.7,8.3,8,9.3,8.2,7.5,7.6,6,5.6,8.6,9,7.4,7.1,8,7,6.5,5.2,7.01058823529412
"3156749711",NA,5,5,6.5,5,7.2,5,NA,8.9,8.5,7,8.1,6.1,7,8.3,8.4,7,7,8.2,7.2,7,8.4,6.4,7.7,5.6,7,5.3,7,8,7.1,7,7.2,6.6,6.2,5.9,5.9,8,8,7.1,6.7,8.3,8,6.4,7,6.27741935483871
"3157749810",5.5,7,5.3,8.5,7.3,7.6,7.6,NA,5.3,8,6.5,7,6.2,7.8,8.2,7.3,8.3,7.8,7.5,7,7.8,8.5,8.3,7.1,6.6,7,8.9,7.3,9.5,8.8,7.7,8.4,8.4,7.5,8.7,5.3,9,9.4,7.6,7.6,7.6,7,6.2,7.5,7.46235294117647
"3157749818",NA,5.4,5,8.7,7.2,7.4,7.5,NA,7.3,8.2,8.5,5.8,5.4,6.1,8,8.5,7,8.5,8.5,7,8.5,7.3,8.2,8.3,7.3,7.7,6.4,6.7,9.2,5.1,7.9,8.2,5.3,7,7,7,7.6,5.8,7.8,9.1,7.3,6,6.5,5.6,6.49032258064516
"3157749820",7.5,7,7,8.3,8.1,7.5,6.1,NA,8.9,9.5,7.5,6.3,7,5.8,7.8,8,8.8,7,7.4,7.9,7,8.4,9.2,8.1,7.6,7.5,7,6.8,8.7,8.25,8.8,8,8.6,6.5,8.1,7.5,9.3,9.3,9.1,9.2,8.3,7,7.5,8,7.62068965517241
"3158749817",NA,6,5.7,6.7,5.9,5.2,5.3,NA,6.5,7.5,6.9,7.4,5.6,7,7.9,7,8.3,7,8.9,5.9,7,9.1,8.9,8.8,8.4,8,6,7,8.8,7.7,6.9,10,7,5,9,8.5,8.7,8.7,7.7,5.8,8,7.8,5.9,7.4,5.74678899082569
"3158749818",NA,7,6.1,8.5,7.5,7.7,5,NA,6.1,10,6.8,5.1,5.2,8.6,7,8,7.7,5,8.2,6.3,5,9.1,8.6,7.4,7.1,7.2,8.4,6.9,9.5,7.7,8.1,8,7.8,8.7,7.6,5,8.2,8.5,7,8.5,7.6,7.1,8,7,7.20588235294118
"3166746850",NA,NA,7,5.5,7,7,NA,NA,5.1,NA,7.8,5,NA,NA,7,8.5,7.6,5,NA,5,5,7.5,7.3,NA,NA,NA,7,7.4,8,6,7.1,7.1,7.5,5,NA,NA,9.3,NA,6.5,7.8,7.1,5.5,6,NA,5.92173913043478
"3167746852",NA,NA,7.4,8.7,NA,5.3,NA,NA,5.4,NA,5.4,NA,NA,9.3,NA,NA,7,5.6,NA,NA,5.6,7.4,7.7,NA,NA,NA,NA,NA,7,6.2,7.3,5.3,NA,6.1,NA,NA,6.6,7.6,5.6,NA,5.4,5.4,NA,NA,6.23617021276596
"3167746863",7.4,9.7,9.4,7.7,6.7,6.7,8.9,8.7,8.6,8.4,8.4,8,5.7,9.1,6.9,7.7,8,7,8.8,8.6,7,9.5,8.1,9.1,8,8,8.8,7.9,7.3,8.4,9.6,8,7,7.8,9.1,9.2,8,8.2,6.6,8.3,8.1,7.7,8.5,9.8,8.14588235294118
"3168746853",NA,NA,7,8.8,NA,6.3,NA,NA,7,8.7,7.2,NA,NA,NA,NA,NA,6.2,5.4,NA,NA,5.4,NA,7.6,NA,NA,NA,NA,NA,NA,7,5,NA,NA,NA,NA,NA,9.3,7.4,7.1,NA,5,7.2,NA,NA,6.18139534883721
"3168746855",7.6,9.6,NA,8.9,8.8,7.5,9.9,9.7,9.2,9.3,8.6,10,7.7,7.6,8.1,7.9,9,7.8,10,10,7.8,9.7,8.2,NA,9,8.8,8.5,10,9.8,9.3,8.8,8.9,8.6,8.7,NA,9.6,8.7,9,8.8,9.9,8,7.8,10,10,8.92784810126582
"3168746856",NA,NA,7.2,6.9,7.9,7.6,NA,NA,6.1,9.8,7.3,NA,NA,8.7,NA,9.3,8.6,7.3,NA,NA,7.3,8.3,7.8,NA,NA,NA,7.3,NA,7.3,8.2,6.5,5.9,8.1,6.9,NA,NA,8,8.2,8.6,7.7,5.7,7.8,5,NA,6.85483870967742
"3310331139",NA,10,7,8.4,8.6,8.2,8.5,NA,9.8,9,8.5,9,7.7,9,7.6,8,8.6,7.8,9.5,8.9,7.8,7.8,7.6,9.2,8.6,8.7,8.8,7,9,7.7,9.5,7.7,8.5,8.7,9.4,7.8,8.4,6.6,7,9.1,7.9,7.4,8.1,8.9,8.35679012345679
"3472556879",NA,NA,NA,9.1,NA,6.1,NA,NA,NA,NA,NA,NA,NA,NA,NA,NA,8.9,7,NA,NA,7,NA,NA,NA,NA,NA,NA,NA,NA,7.5,NA,NA,NA,NA,NA,NA,9.6,8.9,NA,NA,NA,NA,NA,NA,8.13125
"3551611300",NA,NA,NA,NA,NA,NA,NA,NA,NA,NA,NA,NA,NA,NA,NA,NA,7.5,8.6,NA,NA,8.6,NA,8.1,NA,NA,NA,NA,NA,NA,5,5.1,NA,NA,NA,NA,NA,7.5,7.5,NA,NA,NA,NA,NA,NA,7.10666666666667
"3551611303",5,7,7.9,7.4,8.9,7.9,8.7,7.5,6.9,10,7,7.4,7,7.3,7.6,7,7.7,5.8,8.2,8.9,5.8,7,8.1,8.9,9,8,7.8,7.7,7.6,5.5,8.2,8,5.9,7.6,8.3,9.3,8.5,8.2,6.2,7.1,6.3,7.7,7.4,8.1,7.3685393258427
"3552611302",7.6,5.7,7,7,7.4,6.6,6.1,5.1,5,9.5,6.1,5,7.1,7.3,8,8.2,7.2,7,7.6,8,7,7.7,8.1,8.9,9,7,6.6,7,7,5.5,5.1,7,8.9,6.1,7.4,8.5,8.5,8.4,7.1,8.9,5.5,5.8,5,7,6.84606741573034
"3552611311",8.2,NA,7.1,7.6,7.8,6.9,5.1,6.8,6,9.2,7.7,7,7.9,9.1,7.8,7.8,8.9,5.5,8.8,8.5,5.5,8.3,8.1,7.9,9.1,7,7.2,7.4,8,5.5,7.7,9.2,8.9,5.9,7,9,8.5,8.3,7.4,9.4,6.5,7,7.8,7.8,7.54941176470588
"3553611283",NA,NA,NA,5.1,NA,7,NA,NA,5.9,NA,NA,NA,NA,NA,NA,9.4,6.3,8.4,NA,NA,8.4,NA,7.9,NA,NA,7.7,NA,NA,7,NA,5.7,NA,NA,NA,NA,NA,8.5,6.9,7.2,NA,NA,7.8,NA,NA,5.92
"3553611288",7.6,7.4,7,7.6,7.3,6,7,7.1,7.5,9,7,7,8.2,7.6,8,7,8.3,7.3,8.4,7.4,7.3,8.6,8.6,8.7,8.8,7,7.9,7,6.2,5.5,7.3,9,5.7,8.8,7.4,8.5,8.5,8.4,7.8,9.1,5.4,7.4,7,7,7.46551724137931
"3553611292",NA,NA,5.3,NA,NA,NA,NA,NA,7.6,NA,NA,NA,NA,NA,NA,NA,6,5.7,NA,NA,5.7,NA,NA,NA,NA,NA,NA,NA,NA,7,5.6,NA,NA,NA,NA,NA,6.8,6.2,5.1,NA,NA,5,NA,NA,6.02272727272727
"3553611295",6.5,8.3,8,9,5.4,7.6,5.3,5.8,6.8,9,9,7,7.4,8.3,8.5,9,8.4,5,9,5.8,5,8.9,9,7.8,7.9,7.6,7.6,6,9.2,7,6,7,7.7,5,7.4,7.9,9.6,8.9,6.1,7.1,6.4,7,5.1,6.3,6.90526315789474
"3564485700",NA,NA,8.5,8.5,7.1,8.8,NA,NA,7,9.3,7.1,7,5.1,8,7,8.4,7.7,5,NA,7.5,5,8.6,8.6,NA,7.8,8.5,7.1,NA,8.9,6.9,7,6.7,7.6,5.3,NA,7,9.5,8.7,8.6,7.4,8.2,7.5,6.3,8.6,7.45211267605634
"376934460",6.2,5.6,8.1,8.7,9,7.2,7,5,7.2,9.8,8.3,6.9,7,7.8,7.8,9.4,8.5,8.6,8.8,9.2,8.6,7.1,8.7,9.1,9.5,9.1,9.7,7.3,7.5,7.8,7.3,9.3,6.2,5.8,8.5,8.4,8.9,8.3,8.3,7.9,6.9,8,7,9.3,7.92352941176471
"3780668368",5,5.9,7,5,6.9,8.6,7.3,NA,5.2,9,7.8,7,7,7.6,8.4,9.5,7.3,7,7.7,7.1,7,7.1,8.7,8.7,8.7,8.9,6.2,5.9,9.7,6.6,7,7.1,6.9,7,8.6,9.3,NA,7,6.9,8.8,6.1,7.8,5.1,7,7.16144578313253
"3780668370",6.1,7.5,7,7.9,7.7,7.9,7.5,NA,7,7,8.3,7.1,5.7,7.3,8,9.5,8.1,8.6,8.8,9.9,8.6,7.1,8.7,9.3,9,9.2,7.4,6.9,9,9.3,5.9,9.2,7.1,8.4,9,9.7,9.1,9.2,8,9.3,7,7.7,6.2,7.2,7.89882352941176
"3780668371",5.1,NA,7.6,7,5,6.5,NA,NA,5.6,7.4,7,7,5,8.1,8.3,7.9,8.8,7.6,8.3,7.1,7.6,8.2,7.7,5.8,8.2,7.6,7,5.4,9.1,6.3,6.2,7.6,7.2,7,5.2,9.1,7.9,7.7,7,7.7,6,7,5,5.6,5.73364485981308
"3844283385",8.3,7.7,7.3,6.1,7.6,7.5,7.9,NA,8.5,8.5,8.7,7.4,8.6,8.1,8.3,9.3,8.3,7.8,9.4,8.9,7.8,10,8.1,5.9,9.1,8.9,NA,NA,8.5,7.3,7.2,8.3,7,9.1,5.6,8.5,8.2,8.9,7,8.6,7.1,7,7.8,8.4,8.00379746835443
"3844283390",NA,6.2,7.6,7,7,8.1,8,NA,7.6,7.6,7.2,5.3,9.2,7.4,8.7,8.7,8,7.2,7.9,7.1,7.2,9.1,7.9,7,9,8.3,7.8,5.2,8.3,5.5,7.4,7.5,5.3,7.1,7,8.3,7.6,7.8,7,7.5,5.6,7.2,5.1,7.1,7.33456790123457
"3844283391",7,NA,5.4,5.7,7.9,6.1,NA,5,6.8,8.3,7,5.7,7.1,7,7,8.2,7.7,7,7.9,7,7,7.7,5.2,8.2,7.9,8.9,7,5.6,7.3,6.2,5.5,6.2,7.7,5,7.5,7,8.5,8.4,6.7,7.8,7,5.7,6.5,5.1,6.10408163265306
"3845283384",7.2,5.8,7.5,7,7,7,5.6,5,5.7,8,7,7,6.6,5,8,8.3,7.3,7,8.1,7,7,9.2,7.2,7.1,8.8,7.3,5.6,7.2,7.6,8.3,5,7.4,5,5,6.7,7.4,8.7,9.1,7.6,9,7.8,7.5,5,6.7,6.83406593406593
"3845283386",7.3,7.2,7.3,6.9,6.1,8.5,10,NA,8.7,9.6,9.5,8.7,7.4,8.1,8.1,8.5,7.4,7,9.5,9.1,7,9.7,8.3,9.4,9.3,9,8.4,8.5,9.5,7,6.6,7,8.1,5,9.2,9.7,8.2,8.9,7.2,8.8,7,7.9,7.8,8.3,8.1710843373494
"3845283387",6.2,7.7,7,7,8.1,7,10,NA,8.4,8.6,8.1,5.1,8.1,7.3,9,8.8,8,7,8.4,7,7,8.8,7.2,7,8.6,9.3,8,7.7,7.6,7.2,9.3,8.4,5.1,5,6.2,8.3,7.4,7.4,6.9,9,5,5.6,7.4,7.4,7.44705882352941
"3845283388",7.3,6.1,7.3,7.1,7.8,7.7,7.8,8,6.1,8.5,7.7,7.1,8.5,7.9,8.3,8,7.3,8.3,8.2,7.1,8.3,9,8,7.1,9,8.3,8,6.3,9,7.6,6.8,8.1,5.6,5.6,6.8,8.9,9.1,9.1,9.2,7.3,6.4,8.7,5,7,7.28351648351648
"3845283389",7,7,5.2,5,5.3,5.7,9.5,NA,5,9.5,7,5.1,8.6,7.2,8.5,8.7,7.7,6.2,8.2,7,6.2,7.8,7,7.6,9.2,8.6,5.6,5.5,8.7,9.2,5.1,7.4,5.5,5,7.2,7.5,5,7.9,5.1,7.6,5,5,7.5,6.4,6.49052631578947
"3845283391",5.7,5.7,6.4,5.7,8.4,5.4,5.2,7.5,6.1,8.1,5.8,5,7,7.7,7.3,8,7,7,7.5,6.5,7,7.9,7.7,5.8,8.9,7.7,6.8,5.4,8.2,6.6,5.4,7.3,5,5.2,5.4,7,8.3,8.4,7.7,8.2,7,6.3,5.8,5.3,5.58165137614679
"3846283383",5.9,6.5,7.7,8.9,9.1,7.7,7.1,7,5,8.5,5,7.7,7,7.1,8,7.2,7.2,7,7.9,7.6,7,9.2,7.8,9.7,9.2,9.1,5.6,6.2,7.5,5,8.2,7.8,6.1,5,9.5,8.4,8.5,8.4,7.3,8.9,5.9,7,6.3,6,6.76363636363636
"3846283384",8.3,6.2,5.6,7.2,7,7.9,NA,NA,7.6,7.6,8.2,6.8,NA,5.8,7.4,8.4,7.6,7.2,NA,7,7.2,7.4,8.2,5.4,7.9,8.5,7.5,NA,NA,5.2,8.3,7,5.6,6.1,5,8.9,8.8,8.5,7,8.8,5,5.7,5,NA,6.46547619047619
"3846283386",NA,7.2,7,5.7,5.6,7.2,8.5,NA,7.3,7,7,7.1,8.4,7.7,8.3,8.3,7.1,7.1,9.2,8.2,7.1,8,7.9,7.6,8.8,8.7,7.1,5,7.2,5.1,7.9,8.3,6.6,8.4,7.4,8.5,7.6,7.8,7.2,8.4,5.8,7.3,7.6,6,7.41851851851852
"3846283389",7.3,6.4,8.7,7.1,8.3,8.3,9.2,NA,9.2,8.3,8.2,7.3,7,7.1,8.7,9.2,8.9,8,8.7,8,8,9.6,8.2,8.3,8.3,8.4,NA,NA,7.5,8.1,7.8,8.4,7.4,5.2,8,9.5,8.2,8.9,7.2,9.3,7,8.7,8.8,8.1,8.02962962962963
"3846283390",7,5.5,7.6,7,5.8,7,6.8,5.3,5.6,8.3,7.3,6.5,7.8,7,6.8,8.2,7.5,6.1,8.9,6,6.1,9.5,7.2,7.8,8.3,8.2,5.6,5.2,8.2,5,7,7.2,7,5,7.1,7.1,8.3,8.4,5.8,7.8,5.7,7.1,5,7,6.00093457943925
"3847283382",NA,NA,7.3,7.5,7.9,7.4,NA,NA,9.1,9.4,8.7,7.1,NA,NA,8.9,8.7,8.4,8.5,9.3,8.4,8.5,9.9,8.1,9.1,8.8,NA,7.2,6,NA,7.9,7.1,9.7,5.8,NA,8.8,9.1,7.7,7.4,7.5,9.2,5.1,7,8.5,7,7.3554054054054
"3847283383",NA,5.6,8.5,7.8,7.1,7.9,NA,NA,9.4,7.6,9,8.3,7.3,8,8.9,8.8,7.9,7.5,NA,9,7.5,7.3,8.2,7,7.7,9.2,8.6,NA,NA,7.5,8.3,8.5,7.6,7.1,7.3,9.5,7.7,7.4,8.3,8.9,7.8,8.7,7.6,NA,7.84189189189189
"3847283384",NA,NA,5,6.9,NA,NA,NA,NA,7,NA,7.7,NA,NA,5.3,NA,NA,7.3,6.6,NA,NA,6.6,8.1,7,NA,NA,NA,5,NA,NA,5,5,8.5,NA,5.5,NA,NA,8.3,8.6,7.1,NA,NA,7.6,NA,NA,5.56734693877551
"3847283385",7.3,6.3,6,6.1,7.5,8.2,7.3,NA,5,7.8,7.2,7,7.5,7.8,7.6,7.5,7.4,5.2,8.4,7,5.2,7.3,8.2,8.3,9.1,7.8,8.1,7.3,8.9,7.2,6.8,7.5,6.8,8,7.4,8.2,8.6,8.6,7.2,7.3,6.6,7.7,5.3,7.4,7.35060240963855
"3857036627",NA,8,5,5.5,5.6,6.2,3.3,NA,5.5,7,5.6,5.1,5,5.8,7.2,8.5,6.1,7,9.2,5.1,7,7.9,6.4,7,6.1,8.2,7,7,5.2,7,5.4,5.1,5.5,5,5.7,6,7.8,8.3,7,7.1,5.8,8.2,5,6.1,4.99224137931034
"3857036628",NA,7.2,5.8,7.4,7.7,7.4,7.8,NA,9.1,9.3,7.1,5.1,5.1,7.8,9,9,8.9,7,8.6,6.1,7,9.1,9.1,8.2,8.2,8.4,9.3,7.4,8.7,8.5,7,8.3,9.6,7.3,8.2,5.4,8.5,9.5,7.8,9,8.8,7.7,7.6,5.6,7.87654320987654
"3857036629",NA,NA,5.3,7.9,7.2,7.6,NA,NA,7,7,8.2,NA,NA,NA,NA,8.75,7,5.3,NA,NA,5.3,NA,6,NA,NA,NA,7,NA,NA,8.2,NA,NA,8.5,NA,NA,NA,6.3,8.1,5.1,NA,NA,5.9,NA,NA,6.84078947368421
"3857036630",6.1,5,5.2,6.1,7,5.7,5.1,NA,5,8.1,7,6.1,5,7.5,8.5,9.2,5.4,7,6.1,5,7,8.1,9.1,7,5.6,7,5.1,5,7,7.5,6.7,6.3,7.3,7.6,6,5.7,8.4,8,7.1,7.9,6.2,5,7.2,6.2,5.58828828828829
"3857036631",7.2,6,6.3,7.9,5.5,8,5.6,NA,8.5,9,8.2,5.9,5.7,5.1,9.4,9,7.6,8.2,8.7,5,8.2,9.6,8.8,9.2,8.4,7.9,8.9,7.3,9.2,8,6.2,7.9,7.8,5.2,8.8,7,8.7,9.5,8.2,8.1,6.9,7.8,7,7,7.4448275862069
"3857036632",4,6.6,5,6.6,5.7,7.5,5.7,NA,7.6,7.5,6.5,5.1,5.4,5,7.5,8.5,7.1,6.1,7.1,5.5,6.1,7.5,7.7,7,8,7,5,6,9.6,8.5,5.4,5.3,7.7,5.3,7.2,7.2,8.3,9.5,5.3,7.8,6.4,7,7.5,5.3,5.94854368932039
"3857036633",NA,NA,5.6,8.7,7,7.9,7.5,NA,5,9,7.5,7,7.6,9.1,9.3,8.5,7.4,8,8.9,7.9,8,8.9,8.5,7.9,8.3,NA,7,NA,8.8,7.1,5.7,8.9,8.3,7,6.7,7,8.1,8.5,7.5,7.8,8.9,7.8,7.3,5.7,7.74666666666667
"3858036628",NA,5,5.5,7.3,8.4,5.3,7,NA,9.1,7.9,7.8,7.7,5,5.1,9.4,8.4,7.4,7.6,7.9,7.1,7.6,8.4,9.1,7.3,8.3,7.1,6.1,7.2,5.1,7.2,7.4,7.3,8.1,7.1,7.1,5.4,8.4,8.9,6.9,7.7,6.3,7.6,7.1,7.2,6.385
"3858036630",5.3,7,7.4,7,5.8,7.1,7.2,NA,8.8,9.5,6.7,7,6.1,5.2,9.5,7.8,7.6,7.7,7.9,5.1,7.7,9.9,7.7,8.6,8.4,7.7,8,9.3,7.7,7,5.9,7.1,8.5,5,5.2,7,9.3,9.9,7.9,7.9,5.2,7.9,8.8,5,6.80947368421053
"3858036635",NA,7.1,5,5.3,5.5,6.3,7.2,NA,7.6,7,5.6,6.5,5.6,5.2,7.7,8,5,5,7.3,5.1,5,7.4,7.8,7.2,7.5,7.5,6.5,8.4,8.4,5,5,5.3,7.8,5.2,5,7,8.7,8.1,5.2,7,7.5,5.4,7.1,7.3,5.32413793103448
"3859036628",7,7.3,5.7,8.9,7.1,8.1,7.8,NA,5,10,7.5,7.1,7.8,7.1,6.7,9,7.7,8.3,8,7,8.3,9.1,8.8,7.3,5.9,8.2,7.2,6,8.3,7,5,7.2,6.6,5.2,7.5,5,9.3,10,6,8.1,8.4,5.5,6.3,6,6.84315789473684
"3859036629",NA,8.4,5,6,7.9,7.7,7.3,NA,9.5,9.3,7.8,7,5.7,7.8,9,9,8.7,7.2,9.2,7.7,7.2,9.7,9.1,9.9,8.8,9,10,7,9.7,8.5,6,7.9,9.5,7.8,9.4,7,8.5,9.5,6.8,9.5,8.2,9,7.8,7.4,8.19259259259259
"3860036619",6,5.2,5,6.8,5.9,7.1,5.4,NA,6.1,7,8.5,5.1,5.5,8.4,8.1,9,7,7,7,5.1,7,5,7.3,5,5.1,7,5,5,8.1,7.4,6.7,6.4,7,5,5.5,5,7.2,6.6,5.2,7.9,5.4,5.9,5.4,5.4,5.03781512605042
"3860036621",7,5,5,8.5,7.7,5.6,5.3,NA,8.1,10,7.8,7.3,5.1,7.4,7.6,9,7.2,5,5.8,7,5,8.5,8.3,5.7,5,7.8,7,7.5,9.9,8.5,6.7,7,7.1,6.2,5.1,5.7,9.3,9.9,6.5,7.4,5.4,5.1,8.1,5.7,6.11714285714286
"3877422756",NA,7.5,5.4,7.6,7,7.4,7,NA,7.7,8.2,8,7,5.3,7.9,8.1,8.5,7.8,5.8,7.9,9.1,5.8,8.1,8,9.4,8.7,8.6,8.2,7.7,9,8.4,6.3,7.3,7.5,7,8.9,8.2,7.2,6,7.7,8.3,7,5.2,7.3,7,7.51481481481482
"3877422760",NA,7.5,5.5,7,7,7.7,6.7,NA,7,8.5,7.7,7.2,5.8,7.3,9,9,8.1,5.5,8,9.3,5.5,9.1,8.2,6.8,9.3,8.6,8.9,7.7,7.8,8.1,7.2,7.2,7.3,7.5,7,8,8.7,8,6.3,8.8,7.1,5.7,9,6.2,7.58888888888889
"3877422762",NA,8.2,5.8,7.5,8.8,9.1,7.7,NA,10,10,9.8,7.8,8.1,8.5,8.7,9.9,7.9,8.3,8.5,9.3,8.3,9.3,8.4,9.5,9.7,9.3,9.3,8,9.2,7.8,7.8,8.7,9,7.7,7.9,8,8.9,9.3,8.7,9.1,7.7,9.1,9.1,7,8.60617283950617
"3877422763",NA,7.2,5,6.3,5.7,7,5.1,NA,7.9,8,5.6,7,5.5,5.4,8.6,8,5.8,5.7,7,7.6,5.7,7.3,6.8,8.7,7.9,7.8,5,6.8,7.2,7.5,5.4,7,7,5.1,7.7,6.3,8.3,8.6,7.1,7.4,5.4,5.1,7.5,5,6.3
"3877422764",NA,7.2,5,7.3,7.1,7.9,6,NA,7.1,8.5,8.2,5.1,6.9,7.1,7.5,8.8,7.4,7,7.3,7.1,7,7.7,8,8.1,8.8,9.3,8.5,7,9.7,8.3,6.3,7.2,5.1,5.1,7.1,6.3,8,8.2,5,8.2,5.6,6.8,5.3,7.1,7.02
"3878422758",NA,8,5.7,7.7,7.9,8.7,8.2,NA,9.3,9.5,9.2,7.3,8.1,7.8,8.8,9.5,8.5,8.2,9.4,9.7,8.2,9.2,9.1,9.4,9.6,8.8,10,8.5,9.8,8,8.7,8.3,8.1,8.6,8.8,8.4,8.8,9.5,7.6,9.6,7.8,8.8,10,8.1,8.65432098765432
"3878422759",NA,NA,7,NA,NA,NA,NA,NA,7,NA,NA,NA,NA,NA,NA,NA,7.5,7,NA,NA,7,6.4,NA,NA,NA,NA,NA,NA,NA,7.5,NA,6.2,8.6,NA,NA,NA,7.2,9,7.8,NA,NA,7,NA,NA,6.4875
"3878422760",NA,7,5.3,6.3,5.5,7.1,6.5,NA,7,7,8.5,5,7.3,7,7.8,7.9,7.2,7,7.8,8.8,7,7.8,8.1,5.4,8.9,8.6,7.6,7,7,7.7,7,7,6,7.2,6.1,7.6,7,7.9,6,8,5.3,5.1,5.5,7,6.79647058823529
"3878422761",7.7,7,5.4,7.5,5.7,5,7.2,9.3,5.5,9.2,7,6,6.5,8,8.4,8.3,9.3,7,8.1,7,7,9.3,7.8,7.8,9.7,8.3,7.7,7.4,8.2,5.2,7,9.2,8.5,5.6,7.8,8.2,8.9,8.5,7,8.5,5,7.2,7.3,7.6,6.9319587628866
"3878422762",NA,NA,5.5,7.3,7.2,6.3,NA,NA,7.4,8,5.8,7.9,5.8,5,7.3,9,7,7,7.5,8.8,7,8.1,7.7,8.1,8.8,8.6,7.4,7.2,5.9,7.3,6,7.3,5.6,5.6,7.6,6.4,8.3,8.9,7.1,7.5,7.5,7.6,8.3,7.4,7.17215189873418
"3878422763",NA,7.1,6,7.5,6.2,7.7,NA,NA,7.8,10,9.7,7,7.4,6.8,7.2,8.5,8.3,7.7,8.2,9.8,7.7,8.8,9.1,8.6,8.4,8.5,9.1,7.1,9.7,7.2,8.4,6.8,7,6.5,8.5,8.4,8.5,9.5,7,8.9,7.5,8.7,7,7.5,7.99113924050633
"3878422764",8.1,9.3,7,7.6,7.4,8.4,7.2,NA,8.6,7.5,9,7.9,7.6,8,8.9,9.8,8.8,7.1,8.8,8.8,7.1,9.1,8.2,8,9.3,9.3,8.9,7.8,9.5,8.2,7.4,9,7.1,7.7,9.2,8.6,8.7,9.2,8.8,8.9,7.2,7.9,7.6,7.6,8.29759036144578
"3878422765",NA,8.5,5.8,6.9,6.9,5.9,9.3,NA,6.1,8,8.5,6.4,7,8,7.8,8.7,7.2,8.3,8.7,8.3,8.3,7.1,8.1,7.8,8.8,7.5,8.8,8.8,8.2,7.5,8.2,7,6.1,5.6,7.5,8.1,7,7.9,5.5,8.6,7.6,5.6,7.1,7,7.5037037037037
"3878422767",NA,NA,9.4,9.1,NA,8.1,NA,NA,7.9,10,8.4,NA,NA,7.6,NA,9.5,8.4,8.2,NA,NA,8.2,9.3,8.9,NA,NA,NA,8.2,NA,9.5,7.4,9.3,8,9.6,9.8,NA,NA,8.9,8.1,10,NA,8.7,9.1,NA,NA,8.76458333333333
"3880422752",NA,9.7,10,7.5,7.8,7.9,8.8,NA,9.6,8,9.3,9.5,8.4,10,8.7,8.9,9.1,8.6,10,10,8.6,9.2,8.8,9.8,9.5,9.3,10,9.8,9.2,8.3,7.2,8.8,8.6,9.7,9,9.8,8.9,9.3,8.3,9.5,7.7,10,9.6,10,9.06666666666667
"3880422756",NA,8.7,6.8,7.7,7.4,7,8.7,NA,8.1,8,8.7,8.9,7.8,9,8.9,8.9,7.4,6,8.7,9.7,6,9,8.2,8.7,9.7,9,10,8.1,9.5,8.3,6.1,8.1,8.4,7,7.3,8.9,9.2,8.8,7.3,9.3,7.3,8.3,9.1,9,8.28024691358025
"3880422757",NA,7.5,5.8,6.8,5,5,8.2,NA,5.5,8.5,8.7,5.9,6.5,7.8,8.6,9.5,7.2,7,8.3,7,7,9.2,8.1,7.6,8.6,8.8,8.6,6.7,9,7.1,8.2,6,6.4,5.7,7.1,5.5,8,8,6.1,7.2,7.1,7.3,6.5,7,7.19036144578313
"3880422758",NA,7.2,5.1,6.3,7,5.8,7.5,NA,9,7.1,8.7,5,7.1,7,7.8,8.9,7.7,7,8,9.7,7,8,8,7,9.6,8.1,8.1,7.5,8.5,8.5,5,7.4,7.2,5.4,7.9,8.4,7,7.6,7.1,9.1,7.4,7,7.4,7.4,7.44814814814815
"3899126801",NA,NA,NA,7,NA,NA,NA,NA,6.2,NA,NA,NA,NA,NA,NA,NA,8.7,7.1,NA,NA,7.1,NA,NA,NA,NA,NA,NA,NA,NA,6.5,NA,NA,NA,NA,NA,NA,7.8,7.5,NA,NA,NA,7.6,NA,NA,6.81
"3900126813",5,NA,6.5,7.7,6.5,5.1,NA,5.5,5.3,9.3,5.5,6.1,NA,7.1,NA,8.5,7.4,6.2,NA,NA,6.2,8,8,NA,NA,NA,6.7,NA,8.8,5,6.2,7.8,7.8,5.1,NA,NA,7.5,8.9,5.3,NA,5,6.4,6.1,NA,6.67586206896552
"3946735344",NA,6.6,7,6.9,5.7,5,6.3,NA,7.4,9.5,7.3,6.3,5.1,7.3,8.4,8.5,8.1,7,7.9,7.1,7,8.1,6.8,7,8.5,8.6,7.6,5,9.1,7,7.2,8.4,5.9,7.2,7,8.1,8.3,8.6,7,8,5.9,7,7.4,6.1,6.87032967032967
"3950521777",8.3,7,8.7,9.6,9.4,9.2,6.3,6.7,9,9.8,9.7,8.1,7.6,8.8,8.6,9.4,9.5,8.8,8.6,9.3,8.8,9.4,9.2,8.8,9.5,9.6,9.7,8.8,8.5,8.2,9.5,9.1,8.1,7.7,8.3,9.6,10,10,8.3,9.9,8.7,9.7,9.2,8.4,8.85882352941177
"3950521778",7.1,7.2,7.4,7.5,8.2,7,NA,NA,6.5,9.8,7.4,6.1,7.3,7.5,8,8.5,8.4,6,9.4,7.8,6,10,9,8.3,9.1,10,8.2,7.4,9,7.1,7,8.6,7.1,5,8.2,7.6,9,8,7,9.1,5.8,6.7,7.2,9.3,7.76296296296296
"3950521779",7.4,8,7,8.7,7,6.5,8.1,5.5,7.2,9.8,7.7,6.7,7,8.4,7.9,9,9,7,7.5,8.9,7,7.6,8.3,7.3,9.2,9.3,8.2,6.2,9.2,7.8,7.4,8.1,7.7,5.2,8,9.1,8.9,8.6,7,9.5,7.2,7,6,7.2,7.76117647058824
"397706291",7,7.7,5,8.5,6.1,7.3,7.2,NA,5,7.5,7.5,7.1,7,8.5,9.4,9,7.9,7.8,7.9,7.2,7.8,9.2,8.1,8.8,8.9,9,7.6,5.3,9.7,9.5,7.5,8.9,8,7.1,7,6,8.3,9.2,7.2,8.4,8.6,5.6,5.1,7.5,7.37752808988764
"398706288",NA,9.7,6.3,7.7,5.4,7.7,8.2,NA,7,9.5,8.3,7.1,8.2,8.5,9.7,9,9.1,5.5,8.6,7.2,5.5,9.2,8.2,9.4,8.8,8.8,8.5,6.5,7.7,9.9,7,9.7,8.6,7.2,9,7.5,8.3,9.2,7,8.1,9.1,6.4,5.9,9.4,8.05308641975309
"398706289",NA,7.1,5,7.1,7.4,7.5,7,NA,5,8,7.3,5.1,5,7.1,5.5,9.5,7.2,5.2,7.3,5.2,5.2,7.4,6.7,9.2,8.1,9.5,7.1,5.4,8.8,7.7,6.8,7,7.1,5.4,6.7,6.5,9.1,9.5,7.2,8.2,7.6,7,5.2,8.4,6.82183908045977
"398706291",NA,8.5,7.2,8.1,7.3,9,8.5,NA,7.1,9,7,7.8,8.2,7.3,5.8,9,9,8.3,9,7.6,7,8.5,8.1,9.1,8.7,8.8,8.7,5.6,7.3,8.8,7.3,7.7,8.2,7.1,7,7.8,8.6,9,8.1,7.8,8.7,7.5,5.9,8.6,7.94444444444444
"398706293",NA,7.5,5.1,9.2,8,7.6,7,NA,7.7,9.3,7.8,7.8,7.3,7.3,9,9.5,8.6,7,7.1,7.8,7,7.4,9.1,9.3,8.4,9,8.5,5,8.3,8.67,8.5,8.7,7.8,5.3,7.8,6.1,9.1,9,8,8.5,9,7.3,5.2,7.7,7.83012345679012
"398706295",NA,8,7.1,8.3,5,7,7.5,NA,5,9.5,8.1,5,7.7,8.3,8.1,9.5,8.8,7.2,8.4,6.8,7.2,8.5,8.2,8.8,9.3,8.8,8.3,5.4,9.5,7.75,7,9,8,5,5.4,6.3,9,8.6,7.3,7.7,8.4,5.8,6,9.2,7.45238095238095
"398706298",NA,7.8,5.5,5,5.3,7.1,7.3,NA,7.5,8.5,7.7,7.3,5.4,5.4,7.1,7.7,6.7,7.8,8.4,7.3,7.8,6.9,7.3,9.4,8.9,8.6,6.7,5.5,8.2,7.1,5.6,5.8,6.8,5,9.4,8.2,7.8,7.4,5.1,7.3,7.7,7.8,7.2,7.7,5.31680672268908
"398706299",NA,9.6,8.2,7.7,7.6,8.3,10,NA,5.1,9.5,7.2,7,7.6,7,5.6,9.5,7.3,5,7.9,7.3,5,8.8,6.4,9.1,8.4,8.5,8.1,7.3,5.5,7.83,6.2,8.2,7.5,7.6,9.3,7.3,9,8.6,5.2,8,7.5,6.4,6.8,8.2,7.60197530864198
"399706292",NA,8.2,5.3,8,5.9,5.7,7,NA,7.6,9,7.5,5,5.4,7.5,6.7,9.5,7.7,7,7.3,7.1,7,6.4,6.4,7,8.5,8.6,7.5,6,7.3,9.5,5.1,7.4,7.5,8,7,5.2,9,8.6,5,8.9,7.1,7.1,6.8,7.8,6.65666666666667
"399706294",NA,7.2,5.7,9.5,6.8,7.5,5.1,NA,5,9,8.3,7,7.8,7.5,9.2,9,8.6,8.4,7.6,8.4,8.4,8.9,8.1,9.4,9.2,9.3,7.6,5.4,9.7,7.83,7,9.1,8.1,5.2,7.7,8.4,8.3,9,6.2,7.9,8.3,7.4,7.5,8.4,7.83901234567901
"399706302",NA,8.1,5.8,8.1,7.1,5,8.2,NA,7,9,7.7,5.9,7.2,7.8,7,9.4,7.7,7,8.4,7.9,7,9.4,7.8,9.1,9,7.8,8.1,6.8,7.4,7.83,7,7,8.3,7.2,8.7,7.1,8.6,9,7.6,7.8,8.2,6.7,5.6,8.6,7.57903614457831
"399706303",NA,9.4,6,8.7,7.6,7.6,10,NA,5,8.5,7.3,5,8.3,8.9,5.6,9,8.6,7.1,8,7.2,7.1,7.4,7.6,8,9.2,8.1,7.7,6.8,7.3,7.67,8.2,7.8,7.8,7.5,5.3,7.1,8.9,7,7.7,8.3,8.2,5.1,5.8,8.3,7.53506172839506
"400706273",NA,8.6,7,8.4,7,7.8,8.3,NA,7.5,9,8.2,5.3,7.3,7.6,8.5,9.2,8.1,7.5,7.7,7.1,7.5,8.8,7.8,9.2,9.2,8.1,6.3,7.1,8.2,8,7,7,7.8,5.7,8.5,7.1,8.8,9,8,9,8.8,7.8,5.6,8.2,7.82098765432099
"400706281",NA,9.3,9,8.2,8.5,8.4,10,NA,8.8,10,7.5,9.5,9.9,8.6,9.4,10,9.3,8.5,9.5,9.1,8.5,9.9,8.9,9.9,9.4,9.6,8.7,9.2,9.8,9,7.7,9.5,10,9.5,9.4,8.6,8.8,9.5,8.5,9,8.2,8.6,8.5,9.4,9.08518518518519
"400706282",NA,8.5,6.4,7.2,5.5,7.2,8.2,NA,5,8,7.9,6,6.8,7.1,5.7,8,7.6,7.3,8.7,7,7.3,7.9,7.8,8.1,8,7,6.4,5.8,7.3,7.83,8.2,7,7.7,8.1,7.1,5.5,7.5,9,6,7.9,7.3,5.8,7,7.8,7.22172839506173
"400706284",NA,10,8.4,8.2,5.8,9.1,8.5,NA,5,7,8.6,9,7.8,8.6,8.3,8.2,7.1,7.6,9.4,9.2,7.6,8.7,8.4,9.7,9.4,8.8,7.1,7.2,8.5,9.1,7,8.3,9.2,7.2,9.3,7.9,8.7,9,7.5,8.5,8.9,7.2,5.3,9.1,8.17901234567901
"4050482296",NA,8.4,5.5,7.1,7.4,7.2,5.7,NA,7.5,8.3,7.7,7.8,5.4,8.5,8.5,8,8,5,7.8,8.5,5,8.7,8.5,7.1,9.1,8.6,8.4,8,9.8,7.4,7.7,5.2,7,8.1,7.7,8.6,8,9.2,6.7,9.2,8.2,7.3,8.8,6.7,7.69876543209877
"4050482300",7.5,6.3,7,5.9,5.7,7.2,5,NA,5.5,10,8.8,7.6,7,8.2,7.8,7.3,8.1,6.7,8.5,7.6,6.7,5.2,7.6,8.8,8.4,9.1,8.3,8.4,8.3,7,5.2,8.1,6.7,5.4,8.9,7,7.1,7.1,6,9.3,5,7,8,7.5,6.6969696969697
"4050482301",NA,9.4,7.3,8.9,7.4,8.2,8.3,NA,7.4,9.5,8.8,9.4,8.6,8,8.8,9.3,8.4,7,9.6,9.6,7,10,8.4,9.8,8.5,9.4,10,9.9,10,8.2,8.2,8.6,8.1,9.6,9.6,8.3,8.5,8.6,8.8,9.8,8.2,8.5,8.4,8.2,8.74938271604938
"4055482288",NA,7.1,5.6,7.1,5.9,5.9,5.6,NA,8.1,8,7.1,7.3,7,8.3,7,7.9,7.2,6.8,9.3,7.6,6.8,5,7.6,8.1,8.9,9,7.1,9.7,7.8,5.8,5.1,6.5,6,5,8.7,7.6,7.1,8,7,8.2,5,6,5.9,6.5,6.92470588235294
"4055482289",6.9,5.7,5.3,7.1,6.1,7.5,5,NA,6.8,8.3,7.7,7.8,7.5,7.2,8.8,8.4,7.6,8,8.3,8.7,8,8,8.5,7.2,9.1,9.1,7,6.8,7.7,7.4,5.5,7.2,7,7,8.1,9,8,9.3,7,9.3,7.8,7,9.3,6,7.48
"4055482291",NA,6.5,5.1,7,7.2,7.4,9.5,NA,8.3,8,7.9,6.3,9.1,7.1,8.5,7.8,7,7,8.1,6.9,7,7.9,8.2,6.4,9,8.3,7.8,6.8,8.3,5.8,7.1,7.4,7.3,7,6.2,7.3,7.4,8.3,7,8.8,7.5,7.7,5,7.3,7.32289156626506
"4055482292",NA,5.5,7.6,6.7,7.9,5,7.2,NA,7.7,7,8.5,9.3,5.9,7,9.2,8.8,7.4,7,9.2,9.3,7,6.1,9.4,6.2,9,9.7,8.8,6.1,9.7,7.4,5.3,7,7.7,6.5,6.1,8.7,8.3,9,7,9.9,7.9,7,5.9,7.8,7.51566265060241
"4055482295",NA,7.9,7.8,8.3,7.3,8.4,6.5,NA,9.1,7,9.2,7.9,8.3,8,8.8,8.5,8.1,7,9.1,8.9,7,8.4,8.8,8.4,8.7,9.4,8.3,7.5,9.7,7.5,8.6,7.1,8.1,7.2,9,8.6,8.6,8.7,7,9.7,7.8,9.3,6.9,7.2,8.20246913580247
"4055482302",NA,7,7.4,6.9,6.5,7,5.5,NA,8.2,7.5,8.2,7.6,7.1,8.5,8.1,8.3,7.7,8.1,8.6,8.3,8.1,7,8.6,6.3,9,7.4,8.9,6.7,9.3,7,8.6,7.8,7.8,8.9,6.8,7.9,8.6,8.7,6.3,9,7.4,7.1,7,6.1,7.69382716049383
"4055482303",5.1,6,8,5.2,5.1,6.5,5.9,NA,6.1,8.2,7,7.5,7.9,5.6,8.1,9.4,8.1,7,7.9,8,7,9.9,7.6,8.3,8.4,8.6,6,5.5,7.5,5,5.5,6.9,7,8,7.7,7.9,7.3,8.5,5.8,8.5,6.4,7.9,5.1,5,6.6505376344086
"4056482275",NA,7.1,6,7.6,6,7,7,NA,8.5,8,7.4,8.5,7.4,7.8,8,8.8,7.3,7,8.8,8.7,7,7.5,7.6,8.1,8.3,9.5,7.3,8,8.2,6.8,6.9,8.6,7,7,7.9,8.5,7.1,8.3,7.1,8,5.5,5.8,7.3,7.2,7.56172839506173
"4056482280",NA,10,9.7,8.7,8.1,9.1,10,NA,10,10,8.4,9.6,10,10,8.5,9,9.5,8.9,9.8,9.4,8.9,10,7.9,9.9,9.4,9.2,9.9,10,9.5,8.4,9.4,9.4,8.8,10,9.7,9.9,7.6,8,9.4,9.5,8,8.6,10,9.8,9.28641975308642
"4056482281",6.8,5.4,8.9,6.5,8.4,7.3,5.1,NA,8.8,8.5,9.2,9.3,7.3,7.4,9.2,9,8.6,7.7,9.3,9.5,7.7,9,9.4,9.1,8.8,8.7,8.5,8,8.8,7.4,7.2,8.5,8.6,8.1,9.8,8.8,8.3,9,7.7,9.9,8.5,7.5,8.6,7,8.26626506024096
"4056482282",10,9.7,8.5,9.3,9.3,8.3,10,NA,9.2,10,9,9,10,8.6,8.8,8,9.1,9.5,9.6,9.5,9.5,10,8.5,9.8,9.4,9.8,10,10,9.2,8.1,9.9,8.7,8.2,9.8,9.6,9.3,8,9.3,8.3,9.5,8.5,9.3,9.3,8.8,9.23975903614458
"4056482285",NA,NA,5.4,7,NA,5,NA,NA,5,NA,7.9,NA,NA,NA,NA,9.9,5.2,7,NA,NA,7,7.7,9,NA,NA,NA,NA,NA,NA,5,5,5,NA,5.8,NA,NA,8.4,7.7,6.4,NA,NA,5.8,NA,NA,5.69565217391304
"4056482286",NA,5.6,7,6.7,5.1,7.3,5.4,NA,7.7,8.2,7.2,8.2,7.1,7.5,8.2,8.5,7.3,7,7,8,7,9.1,7.3,7.8,8.9,8.2,9.3,7.8,7.8,5.4,8.6,7,5.9,7.4,7.7,7.3,5,7.4,7.6,7.3,6.6,6,5.2,7,6.65434782608696
"4057482276",NA,5,6.2,7.3,5,6.8,7.2,5.4,6,7.7,6.3,6.5,6.4,5.9,7.7,9.8,7.7,7.5,7.8,6.7,7.5,7.3,8.3,8.4,8.2,8.8,6.6,5,8.5,5.3,5.1,5.8,7.3,5,8.4,6,9.1,9.5,7.2,9.6,5.5,5.7,6.5,5,6.51075268817204
"4057482280",NA,NA,7.5,5.3,NA,7,NA,NA,7.7,9,7.7,NA,NA,5.8,NA,8.3,6.1,5,NA,NA,5,7.7,9,NA,NA,NA,NA,NA,NA,7.5,7.1,7.3,NA,7.4,NA,NA,8.4,8.1,7,NA,NA,6,NA,NA,6.8
"4057482282",7.4,8.8,8.2,8.1,9.4,8.3,7.7,NA,9.7,9,9,8.3,7,8.6,8.2,8.3,9.4,8.7,8.9,8.8,8.7,10,9,10,9.2,9.5,9.9,9.7,9,7.9,9.2,8.9,8,9.9,10,8.9,8.7,9.7,8.9,9.2,8.4,9.2,8.8,7,8.86385542168675
"4057482283",NA,7.6,7.6,7.3,7.8,7.6,6.7,NA,9,8,8.3,8.1,8.1,8.5,8.7,8.1,8,7.1,9.2,8.9,7.1,10,9.4,5.1,8.8,9.9,8.5,5,8.1,7.3,8.5,8.4,7,6.9,5,7.9,8.3,9,7.4,9.7,7.2,7.9,7,6,7.88148148148148
"4057482284",NA,NA,5.9,5.2,NA,NA,NA,NA,6.1,5,NA,NA,NA,NA,NA,NA,7,7,NA,NA,7,8.5,7.7,NA,NA,NA,NA,NA,NA,7.5,5.3,6.3,NA,NA,NA,NA,8.3,9.8,5.6,NA,NA,6.1,NA,NA,4.61914893617021
"4057482286",NA,5.6,7,7,6.3,7.6,7.5,NA,7,9,7.6,8.1,7.4,7.3,7.3,7.8,7,7,7.3,8.3,7,7.2,8.2,7.6,9.1,9.1,7.3,7.6,8,7.3,7.4,7.4,7,7.3,8.7,7.2,8.7,9.5,8.1,9.8,7.4,7.6,8.2,7,7.47411764705882
"4057482287",NA,5.5,9,8.5,6,8.6,7.7,NA,8.3,7.5,7.7,7.9,5.8,7.8,8.8,8.3,7.9,5.9,8.4,8.8,5.9,8.4,8.8,7.3,7.6,9.2,8.8,8.9,8.8,7.7,7.9,8,7,8.5,8.2,8.5,8.6,8.7,5.8,9.1,7.1,7.7,9.3,7.8,7.92469135802469
"4216177917",NA,NA,NA,NA,NA,NA,NA,NA,NA,NA,NA,NA,NA,NA,NA,NA,NA,5,NA,NA,5,NA,NA,NA,NA,NA,NA,NA,NA,5.4,NA,NA,NA,NA,NA,NA,NA,8.5,5.9,NA,NA,5,NA,NA,5.59333333333333
"4217177907",NA,NA,NA,9,NA,NA,NA,NA,5.8,NA,NA,NA,NA,NA,NA,NA,7.4,6,NA,NA,6,NA,NA,NA,NA,NA,NA,NA,NA,6.4,NA,NA,NA,NA,NA,NA,8.3,9.6,NA,NA,NA,NA,NA,NA,6.81111111111111
"4217936909",NA,NA,8.8,6.9,8.2,8,NA,NA,7.7,NA,NA,NA,NA,NA,NA,8.8,8.6,7.9,NA,NA,7.9,NA,8.6,NA,NA,NA,NA,NA,7,7.3,NA,NA,NA,NA,NA,NA,7.7,8.9,7.5,NA,7.8,6.4,NA,NA,7.8625
"4221177910",NA,NA,5.8,8,7.1,6.5,NA,NA,6,NA,6,NA,NA,NA,6.9,8.5,6.5,6,NA,NA,6,10,9.6,NA,NA,NA,5.2,NA,7,6.6,5.4,5.4,5,7.6,NA,NA,9.5,8.7,5.2,5.8,6.6,6.7,NA,NA,6.21666666666667
"4271991277",5.5,NA,7,9.9,6.9,6.1,NA,6.3,7,9.8,8,6.2,7,9,8,9.1,8.5,8.2,8.2,5,8.2,7.9,9.4,5.9,7.9,NA,7,7.8,8,8.8,5.6,7.6,8.5,7.8,7,7.6,8.7,8.2,7.4,7.8,7,5.9,5,6.4,7.17228915662651
"4273991277",NA,NA,6.7,8.5,7,5.5,NA,NA,5.4,9.8,7.4,6.6,7,5,7.8,8.8,8.5,7,8,8.6,7,9,7.3,8.2,8.2,NA,NA,NA,8.2,7.5,5.4,6.1,8.4,7,8.1,8.8,7.9,7.6,7,7.4,5.9,5.5,7.2,NA,7.25416666666667
"4277991258",6.1,5.9,7.9,8.3,7.7,5.8,5,6.2,6.4,7.4,7.8,7,7,9.3,8.2,8.4,7,7,7.7,7.6,7,8.3,8.3,8,9.2,7.3,7.5,7.1,8.7,7.3,7,7.9,8.9,5.9,7.7,8,7.1,8.6,7,7.9,7.3,7,7,5,7.31609195402299
"4277991263",7.3,5.6,7.1,6.4,7.8,6.2,7,5.6,7,7,7.4,7,7.1,9.5,7.7,9,7.9,7.2,8,7.7,7.2,8.5,7.9,7,8.8,7.5,7.3,6,8.3,7.4,5.9,7.2,7.3,6.3,5.6,7.7,7.9,7.6,7.8,7.6,5.5,5,5.8,7,7.05862068965517
"4278991259",NA,NA,NA,5.3,NA,NA,NA,NA,NA,NA,NA,NA,NA,NA,NA,NA,5.6,5,NA,NA,5,NA,NA,NA,NA,NA,NA,NA,NA,NA,NA,NA,NA,NA,NA,NA,NA,7.1,NA,NA,NA,NA,NA,NA,4.46923076923077
"46876753",NA,NA,5,7.3,5,5.1,NA,NA,6,NA,8.4,NA,NA,7,NA,NA,7,7,NA,NA,7,10,8.3,NA,NA,NA,NA,NA,NA,6,6.1,7,NA,5,NA,NA,6.2,NA,5.3,NA,5.3,6.3,NA,NA,5.51730769230769
"483802998",7.7,8.8,5.5,6.7,7,5.8,8,5.2,7,9.7,7.7,6.8,5.9,8,6.3,7.5,7.1,7.7,7.1,7,7.7,8.5,7,5.1,6.5,7.3,7.1,5.2,5,7.3,8.1,5.7,8.3,6.9,5.1,6.5,6.2,8.2,7,8,5.6,5,5,5,6.47628865979381
"483803003",5,6.3,8,5,8.7,7,7,5,6.3,10,8.1,6.7,7.8,8.3,7.1,8.3,8.7,7.1,7.6,8.2,7.1,9.6,7.6,7.9,5,7.2,8.3,6.3,8.1,7.4,6,7.2,9.3,6.7,5.3,7.7,7.1,8,7.2,9.7,6.1,7.4,7,6.3,7.1247191011236
"50876740",NA,NA,NA,NA,NA,6.8,NA,NA,6.4,NA,NA,NA,NA,NA,NA,NA,NA,NA,NA,NA,NA,NA,NA,NA,NA,NA,NA,NA,NA,6.4,NA,NA,NA,NA,NA,NA,NA,9.6,NA,NA,NA,NA,NA,NA,7.55555555555556
"52876742",NA,NA,NA,NA,NA,NA,NA,NA,5,NA,NA,NA,NA,NA,NA,NA,7,NA,NA,NA,NA,NA,NA,NA,NA,NA,NA,NA,NA,NA,NA,NA,NA,NA,NA,NA,NA,NA,NA,NA,NA,NA,NA,NA,6
"551897107",NA,7.5,7,8.3,8.1,7.4,5.5,NA,8.6,8.5,8,7.8,6.1,8.5,9,8,7.7,7.2,7.6,8.8,7.2,10,7.6,6.6,8.9,7.5,7.3,10,8.8,6,5,8.1,6.6,8,6,7.1,8.8,8.8,7.2,9,7.4,8.1,5.1,5,7.04516129032258
"578207600",NA,5.4,6,5,7,5.8,5.1,NA,6,8,7.7,6.3,5.1,8.6,6.3,8.8,7,5,8.7,7.4,5,9.8,9,5.6,7.9,8.6,8.2,8.2,7.5,7.9,6.9,5.4,7.2,7,5.1,6.8,8.7,9.5,5.9,8.6,6.4,5,5,6.9,6.6183908045977
"578207601",NA,5,5,6,5.4,7,10,NA,7,9,8.3,7.9,7.8,7,8.3,8.5,7.7,7.4,5.3,7.6,7.4,7.8,8.2,7.1,9,7.7,7.9,7.1,7,5.8,5.5,7,7.5,7,7,9,7.3,8.5,6.8,7.9,5.3,8.2,7.8,7.8,6.7956043956044
"587661788",NA,NA,6,7.2,NA,5.2,NA,NA,7.6,NA,8.1,NA,NA,NA,NA,NA,7,5,NA,NA,5,8.3,8.6,NA,NA,NA,NA,NA,8.5,6,7,7,NA,7,NA,NA,8.5,NA,7.2,NA,NA,5.5,NA,NA,6.38
"590661776",NA,NA,9.4,7,NA,7.8,NA,NA,6.8,NA,8.2,NA,NA,NA,NA,8.1,7.8,7.3,NA,NA,7.3,9.3,9,NA,NA,NA,NA,NA,8,6.5,6.4,7,NA,5,NA,NA,8.7,9,6.2,NA,NA,5.7,NA,NA,7.51578947368421
"607278046",NA,NA,9.1,7.8,7.4,6,NA,NA,5,9.3,8.8,NA,5.1,9.7,NA,NA,7.5,7.9,NA,NA,7.9,10,8.5,NA,NA,NA,7,NA,9,6.7,5.4,7.5,9.7,7.1,NA,NA,7.5,8.8,7,8.4,8.1,7,7.8,NA,7.29180327868852
"608278032",NA,NA,7.1,7.3,5.9,5.4,NA,NA,5.1,NA,8.3,NA,NA,NA,NA,NA,7,7,NA,NA,7,NA,8.1,NA,NA,NA,NA,NA,7.4,7.4,7.2,NA,NA,NA,NA,NA,7.9,7.6,7,NA,5.1,7.4,NA,NA,6.94
"701403945",NA,9.7,8.8,10,7.1,8.6,NA,NA,7.8,8.2,8,8,8.5,8.5,8.5,8.3,9.3,8.1,10,9,8.1,8.5,8.8,9.8,9,8,NA,NA,8.5,8.5,8.5,9.6,7,6.3,9.4,9.3,8.5,8.4,8.9,9.3,7.5,8.9,8.2,NA,8.56756756756757
"701403947",7,9.7,8.5,7.3,8.8,7.3,7.8,8,7,9.8,7,7.8,7.5,7.5,8.6,9.2,8.3,7.2,9.8,9.3,7.2,9.3,8.2,8.8,9.1,7.3,7.6,7.6,9,7,8.1,8.3,9.2,6.6,9.1,9,8.5,8.2,7.3,6.9,6.4,5.9,8.9,8.9,7.66923076923077
"701403949",NA,8.4,7.5,10,7.5,7.3,NA,NA,7.6,9.3,8.2,5.3,7.8,8.1,8.5,9.7,8.6,7.4,9.8,8.4,7.4,8.4,8.8,7.7,8.3,8,NA,NA,9.8,8.5,7.1,9,6.2,6.6,7.4,8.2,8.5,8.4,8.7,8.2,7.4,7.7,7.3,NA,8.06081081081081
"701403951",6,6.3,8.5,10,8.5,7.4,6.5,7.3,8.1,9.8,7.5,7,7,8.5,8,7.5,NA,7.4,7.8,8.2,7.4,8.4,9.4,7.7,8.9,7.5,6.7,6.2,8.2,6,8,9.1,5.2,8.2,7.5,8.9,8.5,8.4,8.1,8.7,7.6,6,6.8,7.5,7.44597701149425
"702403947",7.1,7.9,7.9,9.1,6.4,6.1,5.6,5.2,6.4,8.5,7,5,7,8.5,7.9,9,7.1,7,8.6,7.5,7,7,9,6.7,7,7,6.1,7.6,7.8,7,7.2,8.5,7.1,6.4,6.6,7.8,9.6,8.9,7,7.9,5.1,5,5.4,7.1,6.99550561797753
"709403923",7,9,7.1,7.6,7.2,6.8,9.3,7.2,5.3,9.8,7.1,7.2,9,7.9,8,7,9.1,7.2,9.1,8.9,7.2,7.1,9.4,9,8.9,7.3,5,7.7,7,8.5,6.4,7.2,5,7.2,7.6,9.3,8.7,8.4,8.3,7.5,5.2,7.3,7.2,7.5,7.5551724137931
"709403925",7.3,8.9,8.1,9.6,7,NA,9.2,8,7.3,NA,7,7,NA,9.1,8.1,8,8.5,8.4,9.6,8.3,8.4,8.4,8.3,8.7,9.3,7.6,7.6,7.9,9.7,NA,7.1,8,6.3,5,8.2,9.1,9,8.1,8,8.9,8.4,7.3,7.4,8.9,8.11038961038961
"735017889",NA,NA,7.4,9.3,6.5,5.1,NA,NA,6.9,NA,7.1,NA,NA,NA,NA,NA,8.5,8.7,NA,NA,8.7,8.8,7.4,NA,NA,NA,8.1,NA,NA,7,9.5,8,8.2,NA,NA,NA,9.3,7.4,8.2,NA,5.7,6.5,NA,NA,5.83387096774194
"735017891",8.2,7.9,8.6,9.1,8.2,7.7,7.2,6.3,NA,8.3,8.9,7.1,8.8,8.3,7.9,8.8,7.7,7.6,8.5,8.6,7.6,8,8.9,7.5,8.9,8.3,7.3,8.6,8.3,7.3,8.4,7.7,8.3,5.8,7,8.5,NA,8,7.7,8.1,8,7.8,7,6.5,7.93333333333333
"735017893",7.5,6.8,7.1,8.9,6.7,7.2,7,6.3,5.8,8.3,8.3,7.1,9,7.5,5.2,8.8,9,7,8.6,8,7,8.3,8.9,8.2,8.9,6.4,7,8,8.1,7.3,7.7,7.4,7,5.2,7,7.9,8.7,9,7.5,7.9,7,7,7.6,5.4,7.4448275862069
"735017894",NA,NA,7.9,9.4,8.2,7.1,5.4,5.9,7.3,NA,9,NA,7.2,8.5,NA,9.3,8.3,7.6,NA,NA,7.6,9.9,NA,NA,NA,NA,6.4,NA,NA,7.4,5.2,8.4,6.7,5,NA,NA,9.3,7.8,8.2,NA,5.5,7.2,NA,NA,7.26603773584906
"735017895",9,9.1,NA,9,NA,8.3,8.2,9.2,8.1,9.7,NA,8.2,9.1,10,9.1,8.8,9.6,8.5,10,9.6,8.5,9.6,8.5,7.7,9,8.3,9.5,9.7,8.7,9.6,9.6,9.7,NA,8.6,7,9.2,8.7,9.1,NA,9.7,9.5,9.8,9.6,8.9,9.04533333333333
"735017898",NA,NA,NA,NA,NA,NA,NA,NA,NA,7,NA,NA,NA,NA,NA,NA,NA,NA,NA,NA,NA,NA,NA,NA,NA,NA,NA,NA,NA,7.2,NA,NA,NA,NA,NA,NA,NA,NA,NA,NA,NA,7.8,NA,NA,6.175
"736017889",6.1,5.9,NA,8.7,7.8,5.6,7.3,7.3,7.5,9.7,7.7,9.7,5,9.2,7.4,8.5,NA,8,8.8,9.1,8,7.7,9,10,7,6.5,7.8,8,7.6,6.8,5,7.6,7.5,7,10,8.7,8.7,9,5,10,7,7,9.6,9.5,7.80987654320988
"736017891",5.4,7,7.6,8,5.9,5.9,7,6.5,6.1,10,7.4,8,7.2,8.3,5.3,7.7,7.7,7,8.7,7.6,7,7.4,8.9,7.7,9,7.2,7.2,7.9,8,7.8,7.1,7.4,7,7,7.9,8.7,8,10,6.4,8.4,7,6.4,6.6,6.5,7.23033707865169
"736017895",9.3,9.1,NA,8.8,7.8,8.2,9.8,8.5,8.6,9.5,8.5,9.9,8.5,10,8.8,8.3,8.6,7,10,9.9,7,9.6,9.3,10,8.7,7.6,9,9.2,8,7.3,8.8,8.4,9.1,8.9,10,9.2,9.3,8.1,8.4,9.7,7.5,8.1,9.1,10,8.82289156626506
"736017903",NA,NA,7.2,7,6.9,5.2,NA,NA,6.7,NA,6,NA,NA,NA,NA,NA,6.5,7,NA,NA,7,8.7,7.6,NA,NA,NA,5.4,NA,NA,7,5.2,7.7,9.4,NA,NA,NA,9.3,7.3,6.5,NA,5.4,8.1,NA,NA,5.73728813559322
"737017880",NA,NA,NA,NA,NA,NA,NA,NA,5,NA,NA,NA,NA,NA,NA,NA,6.4,5,NA,NA,5,7.2,NA,NA,NA,NA,NA,NA,NA,NA,NA,NA,5,NA,NA,NA,5,7.8,5.7,NA,NA,5,NA,NA,5.02962962962963
"776256715",NA,NA,NA,9.5,7.8,NA,NA,NA,8.6,7.9,NA,9.4,NA,10,9,9.5,NA,NA,NA,9,NA,NA,8.7,9.1,9.1,NA,9.7,10,NA,7.2,9.7,NA,9.4,NA,9.1,8.9,7.5,NA,9,NA,7.5,7.1,NA,10,8.82666666666667
"914025797",8.5,7,8.4,8.8,7.9,8,7,7.3,8.3,9,9.3,8.2,7.8,8.5,8.8,9.8,9.2,7.8,8.8,9.4,7.8,10,7.4,7.7,9.6,9.2,9.4,8.5,7.8,8,9,8.9,9.5,8.6,7.6,9,7.1,8.6,9.1,9.5,7.8,8.8,7.8,8.7,8.48588235294118
"99343432",5.2,6.9,7,8,7.6,6.1,7,NA,7.4,8,7.5,5.1,5,8.3,7.8,8.5,7.5,8.7,7.7,7.8,8.7,8.9,7.8,7.9,7,8.5,6,7.3,8.3,7,5,7.7,8.7,7.7,7.3,5,8.3,8.2,7,7.9,7.5,7,8.9,6.2,7.11011235955056
"99343433",NA,NA,NA,NA,NA,5.4,NA,NA,NA,NA,NA,NA,NA,7.9,NA,NA,5.9,5.1,NA,NA,5.1,NA,7,6,NA,NA,NA,NA,NA,7.33,NA,NA,NA,NA,NA,NA,8.7,8.4,NA,NA,NA,7.7,NA,NA,6.72869565217391
